-- phpMyAdmin SQL Dump
-- version 5.2.1
-- https://www.phpmyadmin.net/
--
-- Host: 127.0.0.1
-- Generation Time: Jun 19, 2026 at 05:54 PM
-- Server version: 10.4.32-MariaDB
-- PHP Version: 8.2.12

SET SQL_MODE = "NO_AUTO_VALUE_ON_ZERO";
START TRANSACTION;
SET time_zone = "+00:00";


/*!40101 SET @OLD_CHARACTER_SET_CLIENT=@@CHARACTER_SET_CLIENT */;
/*!40101 SET @OLD_CHARACTER_SET_RESULTS=@@CHARACTER_SET_RESULTS */;
/*!40101 SET @OLD_COLLATION_CONNECTION=@@COLLATION_CONNECTION */;
/*!40101 SET NAMES utf8mb4 */;

--
-- Database: `hammerdad`
--

-- --------------------------------------------------------

--
-- Table structure for table `check_parts`
--

CREATE TABLE `check_parts` (
  `check_no` int(11) NOT NULL,
  `condition_id` varchar(10) NOT NULL,
  `parts_id` varchar(10) NOT NULL
) ENGINE=InnoDB DEFAULT CHARSET=utf8mb4 COLLATE=utf8mb4_general_ci;

-- --------------------------------------------------------

--
-- Table structure for table `conditions`
--

CREATE TABLE `conditions` (
  `condition_id` char(2) NOT NULL,
  `condition_name` varchar(50) NOT NULL
) ENGINE=InnoDB DEFAULT CHARSET=utf8mb4 COLLATE=utf8mb4_general_ci;

--
-- Dumping data for table `conditions`
--

INSERT INTO `conditions` (`condition_id`, `condition_name`) VALUES
('GD', 'Good'),
('NW', 'New'),
('WK', 'Weak'),
('WO', 'Worn Out');

-- --------------------------------------------------------

--
-- Table structure for table `fuel_type`
--

CREATE TABLE `fuel_type` (
  `fuel_type_id` char(3) NOT NULL,
  `type_name` varchar(50) NOT NULL
) ENGINE=InnoDB DEFAULT CHARSET=utf8mb4 COLLATE=utf8mb4_general_ci;

--
-- Dumping data for table `fuel_type`
--

INSERT INTO `fuel_type` (`fuel_type_id`, `type_name`) VALUES
('DSL', 'Diesel'),
('ELC', 'Electric'),
('PTL', 'Petrol');

-- --------------------------------------------------------

--
-- Table structure for table `hubs`
--

CREATE TABLE `hubs` (
  `hub_id` varchar(10) NOT NULL,
  `hub_name` varchar(100) NOT NULL,
  `manager_id` varchar(10) DEFAULT NULL
) ENGINE=InnoDB DEFAULT CHARSET=utf8mb4 COLLATE=utf8mb4_general_ci;

--
-- Dumping data for table `hubs`
--

INSERT INTO `hubs` (`hub_id`, `hub_name`, `manager_id`) VALUES
('BTS', 'Balagtas', 'M001'),
('STR', 'Sta Rita', 'M002'),
('TND', 'Tondo', 'M003');

-- --------------------------------------------------------

--
-- Table structure for table `maintenance_check`
--

CREATE TABLE `maintenance_check` (
  `check_no` int(11) NOT NULL,
  `plate_no` varchar(50) NOT NULL,
  `check_date` date NOT NULL,
  `mileage` int(11) DEFAULT NULL,
  `reported_issues` int(11) DEFAULT NULL,
  `no_issues` int(11) NOT NULL DEFAULT 0,
  `fuel_type_id` varchar(10) DEFAULT NULL,
  `transmission_type_id` varchar(10) DEFAULT NULL
) ENGINE=InnoDB DEFAULT CHARSET=utf8mb4 COLLATE=utf8mb4_general_ci;

-- --------------------------------------------------------

--
-- Table structure for table `managers`
--

CREATE TABLE `managers` (
  `manager_id` varchar(10) NOT NULL,
  `first_name` varchar(50) NOT NULL,
  `last_name` varchar(50) NOT NULL,
  `email` varchar(100) DEFAULT NULL
) ENGINE=InnoDB DEFAULT CHARSET=utf8mb4 COLLATE=utf8mb4_general_ci;

--
-- Dumping data for table `managers`
--

INSERT INTO `managers` (`manager_id`, `first_name`, `last_name`, `email`) VALUES
('M001', 'Juan', 'Dela Cruz', NULL),
('M002', 'Pedro', 'Mendoza', NULL),
('M003', 'Maria', 'De Vera', NULL);

-- --------------------------------------------------------

--
-- Table structure for table `mechanics`
--

CREATE TABLE `mechanics` (
  `mechanic_id` varchar(10) NOT NULL,
  `first_name` varchar(50) NOT NULL,
  `last_name` varchar(50) NOT NULL
) ENGINE=InnoDB DEFAULT CHARSET=utf8mb4 COLLATE=utf8mb4_general_ci;

--
-- Dumping data for table `mechanics`
--

INSERT INTO `mechanics` (`mechanic_id`, `first_name`, `last_name`) VALUES
('MC001', 'Angelo', 'Lomibao'),
('MC002', 'Christian', 'Silva'),
('MC003', 'CJ', 'Petro');

-- --------------------------------------------------------

--
-- Table structure for table `models`
--

CREATE TABLE `models` (
  `model_id` varchar(20) NOT NULL,
  `brand` varchar(50) NOT NULL
) ENGINE=InnoDB DEFAULT CHARSET=utf8mb4 COLLATE=utf8mb4_general_ci;

--
-- Dumping data for table `models`
--

INSERT INTO `models` (`model_id`, `brand`) VALUES
('TMX 125', 'Toyota'),
('YTX 125', 'Yamaha');

-- --------------------------------------------------------

--
-- Table structure for table `motorcycles`
--

CREATE TABLE `motorcycles` (
  `plate_no` varchar(50) NOT NULL,
  `model_id` varchar(20) NOT NULL,
  `hub_id` varchar(10) NOT NULL,
  `health_score` int(11) DEFAULT 100
) ENGINE=InnoDB DEFAULT CHARSET=utf8mb4 COLLATE=utf8mb4_general_ci;

--
-- Dumping data for table `motorcycles`
--

INSERT INTO `motorcycles` (`plate_no`, `model_id`, `hub_id`, `health_score`) VALUES
('1301-1028718', 'YTX 125', 'STR', 100),
('1303-0556757', 'YTX 125', 'BTS', 100),
('1303-0709370', 'YTX 125', 'BTS', 100),
('1303-0709413', 'YTX 125', 'BTS', 100),
('1303-0709459', 'YTX 125', 'BTS', 100),
('130NIG', 'YTX 125', 'TND', 100),
('163NHH', 'YTX 125', 'TND', 100),
('186NHH', 'YTX 125', 'TND', 100),
('197NIG', 'YTX 125', 'TND', 100),
('201NIG', 'YTX 125', 'TND', 100),
('209NHH', 'YTX 125', 'STR', 100),
('216NHH', 'YTX 125', 'TND', 100),
('23279', 'YTX 125', 'BTS', 100),
('350NIG', 'YTX 125', 'TND', 100),
('3628', 'YTX 125', 'TND', 100),
('3634', 'YTX 125', 'BTS', 100),
('368NIG', 'YTX 125', 'TND', 100),
('369NIG', 'YTX 125', 'BTS', 100),
('369NKA', 'YTX 125', 'TND', 100),
('37298', 'YTX 125', 'TND', 100),
('376', 'YTX 125', 'STR', 100),
('392NIG', 'YTX 125', 'STR', 100),
('401NIG', 'YTX 125', 'TND', 100),
('4232', 'YTX 125', 'TND', 100),
('4238', 'YTX 125', 'TND', 100),
('451NIG', 'YTX 125', 'TND', 100),
('5222', 'YTX 125', 'BTS', 100),
('5239', 'YTX 125', 'BTS', 100),
('5288', 'YTX 125', 'BTS', 100),
('528NIG', 'YTX 125', 'STR', 100),
('5301', 'YTX 125', 'BTS', 100),
('5348', 'YTX 125', 'TND', 100),
('541NIG', 'YTX 125', 'TND', 100),
('555NIG', 'YTX 125', 'TND', 100),
('566NIG', 'YTX 125', 'BTS', 100),
('568NIG', 'YTX 125', 'STR', 100),
('569NIG', 'YTX 125', 'STR', 100),
('570NIG', 'YTX 125', 'STR', 100),
('578NIG', 'YTX 125', 'BTS', 100),
('5794', 'TMX 125', 'BTS', 100),
('580NIG', 'YTX 125', 'BTS', 100),
('582NIG', 'YTX 125', 'BTS', 100),
('584NIG', 'YTX 125', 'BTS', 100),
('5852', 'YTX 125', 'STR', 100),
('586NIG', 'YTX 125', 'STR', 100),
('590NHG', 'YTX 125', 'TND', 100),
('591NIG', 'YTX 125', 'BTS', 100),
('594NHG', 'YTX 125', 'BTS', 100),
('594NIG', 'YTX 125', 'STR', 100),
('595NIG', 'YTX 125', 'BTS', 100),
('598NIG', 'YTX 125', 'STR', 100),
('599NIG', 'YTX 125', 'STR', 100),
('601NIG', 'YTX 125', 'BTS', 100),
('610NHG', 'YTX 125', 'TND', 100),
('612NIG', 'YTX 125', 'BTS', 100),
('614NIG', 'YTX 125', 'BTS', 100),
('618NIG', 'YTX 125', 'BTS', 100),
('625NIG', 'YTX 125', 'STR', 100),
('628NIG', 'YTX 125', 'STR', 100),
('631NIG', 'YTX 125', 'TND', 100),
('638NIG', 'YTX 125', 'BTS', 100),
('641NIG', 'YTX 125', 'STR', 100),
('643NIG', 'YTX 125', 'BTS', 100),
('645NIG', 'YTX 125', 'BTS', 100),
('653NIG', 'YTX 125', 'BTS', 100),
('655NIG', 'YTX 125', 'BTS', 100),
('680NKA', 'YTX 125', 'BTS', 100),
('682NKA', 'YTX 125', 'TND', 100),
('683NIG', 'YTX 125', 'STR', 100),
('683NKA', 'YTX 125', 'STR', 100),
('688NIG', 'YTX 125', 'BTS', 100),
('6988', 'YTX 125', 'TND', 100),
('712NKA', 'YTX 125', 'TND', 100),
('7328', 'YTX 125', 'BTS', 100),
('756NHG', 'YTX 125', 'STR', 100),
('7649', 'YTX 125', 'TND', 100),
('765NHG', 'YTX 125', 'STR', 100),
('785NHE', 'YTX 125', 'TND', 100),
('786NIG', 'YTX 125', 'BTS', 100),
('786NKA', 'YTX 125', 'BTS', 100),
('789NHE', 'YTX 125', 'TND', 100),
('812NIG', 'YTX 125', 'BTS', 100),
('815NHG', 'YTX 125', 'TND', 100),
('833NIG', 'YTX 125', 'TND', 100),
('843NIG', 'YTX 125', 'BTS', 100),
('857NHE', 'YTX 125', 'STR', 100),
('868NHE', 'YTX 125', 'TND', 100),
('887NIG', 'YTX 125', 'TND', 100),
('899NIF', 'YTX 125', 'TND', 100),
('902NHE', 'YTX 125', 'STR', 100),
('905NIF', 'YTX 125', 'TND', 100),
('906NHE', 'YTX 125', 'TND', 100),
('908NHE', 'YTX 125', 'STR', 100),
('910NIF', 'YTX 125', 'TND', 100),
('920NHE', 'YTX 125', 'TND', 100),
('920NIG', 'YTX 125', 'TND', 100),
('93058', 'YTX 125', 'TND', 100),
('931NHE', 'YTX 125', 'TND', 100),
('939NHE', 'YTX 125', 'BTS', 100),
('950NHE', 'YTX 125', 'TND', 100),
('951NHE', 'YTX 125', 'TND', 100),
('954NHG', 'YTX 125', 'BTS', 100),
('954NIG', 'YTX 125', 'BTS', 100),
('955NHG', 'YTX 125', 'BTS', 100),
('956NHG', 'YTX 125', 'BTS', 100),
('956NIG', 'YTX 125', 'BTS', 100),
('958NHG', 'YTX 125', 'BTS', 100),
('958NIG', 'YTX 125', 'STR', 100),
('959NHG', 'YTX 125', 'BTS', 100),
('961NHG', 'YTX 125', 'STR', 100),
('963NHG', 'YTX 125', 'STR', 100),
('963NIG', 'YTX 125', 'STR', 100),
('965NHG', 'YTX 125', 'STR', 100),
('968NHG', 'YTX 125', 'BTS', 100),
('977NIF', 'YTX 125', 'TND', 100),
('H003', 'YTX 125', 'STR', 100),
('KSW00243194', 'TMX 125', 'STR', 100),
('MC 0683', 'YTX 125', 'STR', 100),
('MC 236', 'YTX 125', 'STR', 100),
('N568LA', 'YTX 125', 'BTS', 100),
('N569LA', 'YTX 125', 'BTS', 100),
('N578LA', 'YTX 125', 'BTS', 100),
('N597LA', 'YTX 125', 'STR', 100),
('N598IA', 'YTX 125', 'STR', 100),
('N598LA', 'YTX 125', 'STR', 100),
('NG64338', 'YTX 125', 'STR', 100),
('NG64339', 'YTX 125', 'STR', 100),
('NG64340', 'YTX 125', 'STR', 100),
('NG64341', 'YTX 125', 'STR', 100),
('NG64342', 'YTX 125', 'STR', 100),
('NG64343', 'YTX 125', 'STR', 100),
('PAORE3210H0003274', 'TMX 125', 'TND', 100),
('PAORE3210H0032457', 'TMX 125', 'TND', 100),
('PAORE3210H0035278', 'YTX 125', 'STR', 100),
('PAORE3210H0036992', 'YTX 125', 'TND', 100),
('PAORE3210H0037004', 'YTX 125', 'TND', 100),
('PAORE3210H0037012', 'YTX 125', 'STR', 100),
('PAORE3210H0037038', 'YTX 125', 'TND', 100),
('PAORE3210H0037059', 'YTX 125', 'TND', 100),
('PAORE3210H0037064', 'YTX 125', 'TND', 100),
('PAORE3210H0037258', 'YTX 125', 'TND', 100),
('PAORE3210H003732', 'YTX 125', 'BTS', 100),
('PAORE3210H0037326', 'YTX 125', 'BTS', 100),
('PAORE3210H0037365', 'YTX 125', 'TND', 100),
('PAORE3210H0037666', 'YTX 125', 'TND', 100),
('PAORE3210H0037669', 'YTX 125', 'STR', 100),
('PAORE3210H0037675', 'YTX 125', 'STR', 100),
('PAORE3210H0037676', 'YTX 125', 'STR', 100),
('PAORE3210H0037677', 'YTX 125', 'STR', 100),
('PAORE3210H0037678', 'YTX 125', 'STR', 100),
('PAORE3210H0037679', 'YTX 125', 'STR', 100),
('PAORE3210H0037733', 'YTX 125', 'TND', 100),
('PAORE3210H0037745', 'YTX 125', 'TND', 100),
('PAORE3210H0037775', 'YTX 125', 'STR', 100),
('PAORE3210H0037830', 'YTX 125', 'BTS', 100),
('PAORE3210H0037842', 'YTX 125', 'BTS', 100),
('PAORE3210H0038073', 'YTX 125', 'TND', 100),
('PAORE3210H0038119', 'YTX 125', 'TND', 100),
('PAORE3210H0038702', 'YTX 125', 'TND', 100),
('PAORE3210H0038794', 'YTX 125', 'TND', 100),
('PAORE3210H0038802', 'YTX 125', 'TND', 100),
('PAORE3210H0043082', 'TMX 125', 'TND', 100),
('PAORE3210H0043259', 'TMX 125', 'TND', 100),
('PAORE3210H0043270', 'TMX 125', 'TND', 100),
('PAORE3210H0044281', 'TMX 125', 'TND', 100),
('PAORE3210H0044369', 'TMX 125', 'TND', 100),
('PAORE3210H0044551', 'TMX 125', 'TND', 100),
('PAORE3210H0044646', 'TMX 125', 'TND', 100),
('PAORE3210H0044698', 'TMX 125', 'TND', 100),
('PAORE3210H0044699', 'TMX 125', 'TND', 100),
('PAORE3210H0093090', 'YTX 125', 'TND', 100),
('PAORE3210H0093098', 'YTX 125', 'TND', 100),
('PAORE3210H0095598', 'YTX 125', 'TND', 100),
('PAORE3210J0093088', 'YTX 125', 'TND', 100),
('PAORE3210J0093107', 'YTX 125', 'TND', 100),
('PAORE3210J0093110', 'YTX 125', 'TND', 100),
('PAORE3210J0093125', 'YTX 125', 'TND', 100),
('PAORE3210J0093196', 'YTX 125', 'STR', 100),
('PAORE3210J0093244', 'YTX 125', 'TND', 100),
('PAORE3210J0094234', 'YTX 125', 'TND', 100),
('PAORE3210J0094240', 'YTX 125', 'STR', 100),
('PAORE3210J0095153', 'YTX 125', 'TND', 100),
('PAORE3210J0095222', 'YTX 125', 'BTS', 100),
('PAORE3210J0095239', 'YTX 125', 'BTS', 100),
('PAORE3210J0095253', 'YTX 125', 'TND', 100),
('PAORE3210J0095256', 'YTX 125', 'BTS', 100),
('PAORE3210J0095278', 'YTX 125', 'STR', 100),
('PAORE3210J0095288', 'YTX 125', 'BTS', 100),
('PAORE3210J0095292', 'YTX 125', 'BTS', 100),
('PAORE3210J0095301', 'YTX 125', 'BTS', 100),
('PAORE3210J0095408', 'YTX 125', 'TND', 100);

-- --------------------------------------------------------

--
-- Table structure for table `notifications`
--

CREATE TABLE `notifications` (
  `notif_id` int(11) NOT NULL,
  `plate_no` varchar(50) NOT NULL,
  `message` text NOT NULL,
  `date` datetime NOT NULL
) ENGINE=InnoDB DEFAULT CHARSET=utf8mb4 COLLATE=utf8mb4_general_ci;

-- --------------------------------------------------------

--
-- Table structure for table `parts`
--

CREATE TABLE `parts` (
  `parts_id` char(3) NOT NULL,
  `part_name` varchar(50) NOT NULL
) ENGINE=InnoDB DEFAULT CHARSET=utf8mb4 COLLATE=utf8mb4_general_ci;

--
-- Dumping data for table `parts`
--

INSERT INTO `parts` (`parts_id`, `part_name`) VALUES
('BRK', 'Brake'),
('BTY', 'Battery'),
('TRE', 'Tire');

-- --------------------------------------------------------

--
-- Table structure for table `predictions_maintenance`
--

CREATE TABLE `predictions_maintenance` (
  `prediction_id` int(11) NOT NULL,
  `check_no` int(11) NOT NULL,
  `plate_no` varchar(50) NOT NULL,
  `prediction_date` datetime NOT NULL,
  `needs_maintenance` tinyint(1) NOT NULL,
  `confidence` decimal(5,2) NOT NULL,
  `model_version` varchar(50) DEFAULT 'maintenance_v1',
  `date_created` datetime DEFAULT current_timestamp()
) ENGINE=InnoDB DEFAULT CHARSET=utf8mb4 COLLATE=utf8mb4_general_ci;

-- --------------------------------------------------------

--
-- Table structure for table `predictions_pms`
--

CREATE TABLE `predictions_pms` (
  `prediction_id` int(11) NOT NULL,
  `plate_no` varchar(50) NOT NULL,
  `last_pms_date` datetime NOT NULL,
  `days_until_next_pms` int(11) NOT NULL,
  `next_pms_date` date NOT NULL,
  `next_total_cost` decimal(10,2) NOT NULL,
  `model_version` varchar(50) NOT NULL,
  `date_created` datetime DEFAULT current_timestamp()
) ENGINE=InnoDB DEFAULT CHARSET=utf8mb4 COLLATE=utf8mb4_general_ci;

--
-- Dumping data for table `predictions_pms`
--

INSERT INTO `predictions_pms` (`prediction_id`, `plate_no`, `last_pms_date`, `days_until_next_pms`, `next_pms_date`, `next_total_cost`, `model_version`, `date_created`) VALUES
(1, '528NIG', '2025-07-11 00:00:00', 28, '2025-08-08', 909.00, 'pms_v1', '2026-06-19 10:04:38'),
(2, '568NIG', '2026-02-08 00:00:00', 31, '2026-03-11', 900.07, 'pms_v1', '2026-06-19 10:04:40'),
(3, '569NIG', '2026-01-06 00:00:00', 33, '2026-02-08', 900.07, 'pms_v1', '2026-06-19 10:04:41'),
(4, '586NIG', '2026-02-08 00:00:00', 33, '2026-03-13', 900.00, 'pms_v1', '2026-06-19 10:04:42'),
(5, '594NIG', '2026-02-08 00:00:00', 33, '2026-03-13', 900.00, 'pms_v1', '2026-06-19 10:04:44'),
(6, '598NIG', '2026-02-08 00:00:00', 34, '2026-03-14', 900.07, 'pms_v1', '2026-06-19 10:04:45'),
(7, '599NIG', '2026-02-08 00:00:00', 33, '2026-03-13', 900.00, 'pms_v1', '2026-06-19 10:04:46'),
(8, '625NIG', '2026-02-08 00:00:00', 33, '2026-03-13', 900.00, 'pms_v1', '2026-06-19 10:04:48'),
(9, '641NIG', '2025-08-08 00:00:00', 27, '2025-09-04', 903.77, 'pms_v1', '2026-06-19 10:04:49'),
(10, '683NKA', '2026-02-08 00:00:00', 34, '2026-03-14', 900.07, 'pms_v1', '2026-06-19 10:04:50'),
(11, '963NHG', '2026-02-08 00:00:00', 34, '2026-03-14', 900.07, 'pms_v1', '2026-06-19 10:04:52'),
(12, 'KSW00243194', '2025-08-08 00:00:00', 30, '2025-09-07', 1002.21, 'pms_v1', '2026-06-19 10:04:53'),
(13, 'MC 0683', '2025-02-09 00:00:00', 35, '2025-03-16', 900.89, 'pms_v1', '2026-06-19 10:04:55'),
(14, 'PAORE3210J0094240', '2026-02-08 00:00:00', 34, '2026-03-14', 900.07, 'pms_v1', '2026-06-19 10:04:56'),
(15, '566NIG', '2026-02-08 00:00:00', 31, '2026-03-11', 943.69, 'pms_v1', '2026-06-19 10:04:57'),
(16, '582NIG', '2026-02-08 00:00:00', 27, '2026-03-07', 1328.48, 'pms_v1', '2026-06-19 10:04:59'),
(17, '584NIG', '2026-02-08 00:00:00', 28, '2026-03-08', 904.59, 'pms_v1', '2026-06-19 10:05:00'),
(18, '591NIG', '2026-03-08 00:00:00', 31, '2026-04-08', 998.18, 'pms_v1', '2026-06-19 10:05:01'),
(19, '594NHG', '2025-02-23 00:00:00', 35, '2025-03-30', 900.89, 'pms_v1', '2026-06-19 10:05:03'),
(20, '595NIG', '2026-03-08 00:00:00', 30, '2026-04-07', 924.64, 'pms_v1', '2026-06-19 10:05:04'),
(21, '618NIG', '2026-03-08 00:00:00', 30, '2026-04-07', 1003.38, 'pms_v1', '2026-06-19 10:05:06'),
(22, '643NIG', '2026-03-08 00:00:00', 31, '2026-04-08', 946.43, 'pms_v1', '2026-06-19 10:05:07'),
(23, '645NIG', '2026-03-08 00:00:00', 30, '2026-04-07', 1019.90, 'pms_v1', '2026-06-19 10:05:08'),
(24, '653NIG', '2026-03-08 00:00:00', 31, '2026-04-08', 955.52, 'pms_v1', '2026-06-19 10:05:10'),
(25, '680NKA', '2026-03-08 00:00:00', 31, '2026-04-08', 963.02, 'pms_v1', '2026-06-19 10:05:11'),
(26, '786NKA', '2026-03-08 00:00:00', 30, '2026-04-07', 1051.53, 'pms_v1', '2026-06-19 10:05:13'),
(27, '939NHE', '2026-03-08 00:00:00', 31, '2026-04-08', 918.91, 'pms_v1', '2026-06-19 10:05:14'),
(28, '956NHG', '2025-12-08 00:00:00', 29, '2026-01-06', 979.92, 'pms_v1', '2026-06-19 10:05:15'),
(29, '959NHG', '2026-03-08 00:00:00', 30, '2026-04-07', 1019.17, 'pms_v1', '2026-06-19 10:05:17'),
(30, 'PAORE3210J0095222', '2025-06-01 00:00:00', 33, '2025-07-04', 918.03, 'pms_v1', '2026-06-19 10:05:18'),
(31, 'PAORE3210J0095239', '2025-11-08 00:00:00', 26, '2025-12-04', 1071.17, 'pms_v1', '2026-06-19 10:05:20'),
(32, 'PAORE3210J0095256', '2025-07-07 00:00:00', 31, '2025-08-07', 983.41, 'pms_v1', '2026-06-19 10:05:21'),
(33, 'PAORE3210J0095288', '2025-05-03 00:00:00', 29, '2025-06-01', 916.56, 'pms_v1', '2026-06-19 10:05:22'),
(34, 'PAORE3210J0095292', '2025-05-03 00:00:00', 29, '2025-06-01', 916.56, 'pms_v1', '2026-06-19 10:05:24'),
(35, 'PAORE3210J0095301', '2025-06-01 00:00:00', 36, '2025-07-07', 911.34, 'pms_v1', '2026-06-19 10:05:25'),
(36, '376', '2025-03-16 00:00:00', 35, '2025-04-20', 900.89, 'pms_v1', '2026-06-19 22:56:02'),
(37, '570NIG', '2026-02-08 00:00:00', 34, '2026-03-14', 900.07, 'pms_v1', '2026-06-19 10:05:28'),
(38, '908NHE', '2026-02-08 00:00:00', 32, '2026-03-12', 900.07, 'pms_v1', '2026-06-19 10:05:30'),
(39, 'H003', '2025-03-16 00:00:00', 35, '2025-04-20', 900.89, 'pms_v1', '2026-06-19 10:05:31'),
(40, '958NHG', '2026-03-08 00:00:00', 31, '2026-04-08', 919.90, 'pms_v1', '2026-06-19 10:05:32'),
(41, '612NIG', '2026-03-08 00:00:00', 31, '2026-04-08', 989.61, 'pms_v1', '2026-06-19 10:05:34'),
(42, '954NIG', '2025-04-06 00:00:00', 29, '2025-05-05', 1470.49, 'pms_v1', '2026-06-19 10:05:35'),
(43, '955NHG', '2026-03-08 00:00:00', 30, '2026-04-07', 940.26, 'pms_v1', '2026-06-19 10:05:37'),
(44, 'PAORE3210H0037326', '2026-01-04 00:00:00', 32, '2026-02-05', 989.20, 'pms_v1', '2026-06-19 10:05:38'),
(45, 'PAORE3210H0037830', '2025-10-11 00:00:00', 32, '2025-11-12', 1053.19, 'pms_v1', '2026-06-19 10:05:40'),
(46, '902NHE', '2026-02-08 00:00:00', 32, '2026-03-12', 900.00, 'pms_v1', '2026-06-19 10:05:41'),
(47, 'PAORE3210H0037012', '2025-12-06 00:00:00', 32, '2026-01-07', 902.71, 'pms_v1', '2026-06-19 10:05:43'),
(48, '954NHG', '2026-03-08 00:00:00', 27, '2026-04-04', 907.37, 'pms_v1', '2026-06-19 10:05:44'),
(49, 'PAORE3210H0037842', '2025-10-11 00:00:00', 32, '2025-11-12', 900.07, 'pms_v1', '2026-06-19 10:05:45'),
(50, 'PAORE3210H0037675', '2025-08-08 00:00:00', 27, '2025-09-04', 903.77, 'pms_v1', '2026-06-19 10:05:47'),
(51, '578NIG', '2026-03-08 00:00:00', 31, '2026-04-08', 974.04, 'pms_v1', '2026-06-19 10:05:48'),
(52, '5794', '2025-06-01 00:00:00', 28, '2025-06-29', 1494.73, 'pms_v1', '2026-06-19 10:05:49'),
(53, '580NIG', '2026-03-08 00:00:00', 30, '2026-04-07', 903.77, 'pms_v1', '2026-06-19 10:05:51'),
(54, '601NIG', '2026-03-08 00:00:00', 31, '2026-04-08', 918.34, 'pms_v1', '2026-06-19 10:05:52'),
(55, '614NIG', '2026-03-08 00:00:00', 33, '2026-04-10', 903.70, 'pms_v1', '2026-06-19 10:05:53'),
(56, '655NIG', '2026-03-08 00:00:00', 31, '2026-04-08', 973.69, 'pms_v1', '2026-06-19 10:05:55'),
(57, '683NIG', '2025-07-11 00:00:00', 35, '2025-08-15', 900.89, 'pms_v1', '2026-06-19 10:05:56'),
(58, 'PAORE3210H0037775', '2025-07-11 00:00:00', 35, '2025-08-15', 900.89, 'pms_v1', '2026-06-19 10:05:58'),
(59, 'PAORE3210J0095278', '2025-07-11 00:00:00', 35, '2025-08-15', 900.89, 'pms_v1', '2026-06-19 10:05:59'),
(60, 'PAORE3210H0037669', '2025-08-08 00:00:00', 29, '2025-09-06', 901.95, 'pms_v1', '2026-06-19 10:06:00'),
(61, '688NIG', '2025-09-07 00:00:00', 44, '2025-10-21', 900.00, 'pms_v1', '2026-06-19 10:06:02'),
(62, '968NHG', '2025-09-07 00:00:00', 44, '2025-10-21', 900.00, 'pms_v1', '2026-06-19 10:06:03'),
(63, '628NIG', '2025-08-08 00:00:00', 35, '2025-09-12', 900.89, 'pms_v1', '2026-06-19 10:06:04'),
(64, '638NIG', '2026-03-08 00:00:00', 30, '2026-04-07', 905.25, 'pms_v1', '2026-06-19 10:06:06'),
(65, '857NHE', '2026-02-08 00:00:00', 34, '2026-03-14', 900.07, 'pms_v1', '2026-06-19 10:06:07'),
(66, 'N597LA', '2026-02-08 00:00:00', 31, '2026-03-11', 903.30, 'pms_v1', '2026-06-19 10:06:08'),
(67, 'N598LA', '2026-02-08 00:00:00', 31, '2026-03-11', 903.30, 'pms_v1', '2026-06-19 10:06:10'),
(68, 'PAORE3210J0093196', '2026-02-08 00:00:00', 31, '2026-03-11', 903.30, 'pms_v1', '2026-06-19 10:06:11'),
(69, 'N568LA', '2026-03-08 00:00:00', 31, '2026-04-08', 1109.26, 'pms_v1', '2026-06-19 10:06:12'),
(70, 'N578LA', '2026-03-08 00:00:00', 30, '2026-04-07', 903.77, 'pms_v1', '2026-06-19 10:06:14'),
(71, 'PAORE3210H003732', '2025-11-08 00:00:00', 35, '2025-12-13', 900.89, 'pms_v1', '2026-06-19 10:06:15'),
(72, '965NHG', '2025-11-09 00:00:00', 35, '2025-12-14', 900.89, 'pms_v1', '2026-06-19 10:06:17'),
(73, '392NIG', '2026-02-08 00:00:00', 31, '2026-03-11', 900.00, 'pms_v1', '2026-06-19 10:06:18'),
(74, '961NHG', '2026-01-06 00:00:00', 35, '2026-02-10', 900.89, 'pms_v1', '2026-06-19 10:06:19'),
(75, '369NIG', '2026-02-08 00:00:00', 35, '2026-03-15', 900.89, 'pms_v1', '2026-06-19 21:18:39');

-- --------------------------------------------------------

--
-- Table structure for table `predictions_repair`
--

CREATE TABLE `predictions_repair` (
  `prediction_id` int(11) NOT NULL,
  `plate_no` varchar(50) NOT NULL,
  `last_repair_date` datetime NOT NULL,
  `days_until_next_repair` int(11) NOT NULL,
  `next_repair_date` date NOT NULL,
  `model_version` varchar(50) DEFAULT 'repair_v1',
  `date_created` datetime DEFAULT current_timestamp()
) ENGINE=InnoDB DEFAULT CHARSET=utf8mb4 COLLATE=utf8mb4_general_ci;

--
-- Dumping data for table `predictions_repair`
--

INSERT INTO `predictions_repair` (`prediction_id`, `plate_no`, `last_repair_date`, `days_until_next_repair`, `next_repair_date`, `model_version`, `date_created`) VALUES
(1, '1301-1028718', '2025-11-10 00:00:00', 41, '2025-12-21', 'repair_days_v1', '2026-06-19 11:06:35'),
(2, '1303-0556757', '2025-09-03 00:00:00', 30, '2025-10-03', 'repair_days_v1', '2026-06-19 11:06:35'),
(3, '1303-0709370', '2025-03-09 00:00:00', 28, '2025-04-06', 'repair_days_v1', '2026-06-19 11:06:35'),
(4, '1303-0709413', '2025-03-28 00:00:00', 30, '2025-04-27', 'repair_days_v1', '2026-06-19 11:06:35'),
(5, '1303-0709459', '2025-11-18 00:00:00', 35, '2025-12-23', 'repair_days_v1', '2026-06-19 11:06:35'),
(6, '130NIG', '2025-08-02 00:00:00', 32, '2025-09-03', 'repair_days_v1', '2026-06-19 22:51:44'),
(7, '163NHH', '2026-02-27 00:00:00', 30, '2026-03-29', 'repair_days_v1', '2026-06-19 11:16:56'),
(8, '186NHH', '2026-01-13 00:00:00', 31, '2026-02-13', 'repair_days_v1', '2026-06-19 11:06:35'),
(9, '197NIG', '2026-03-16 00:00:00', 27, '2026-04-12', 'repair_days_v1', '2026-06-19 11:06:35'),
(10, '201NIG', '2026-03-16 00:00:00', 25, '2026-04-10', 'repair_days_v1', '2026-06-19 11:06:35'),
(11, '209NHH', '2026-03-23 00:00:00', 27, '2026-04-19', 'repair_days_v1', '2026-06-19 11:06:35'),
(12, '216NHH', '2026-02-02 00:00:00', 30, '2026-03-04', 'repair_days_v1', '2026-06-19 11:06:35'),
(13, '23279', '2025-03-09 00:00:00', 43, '2025-04-21', 'repair_days_v1', '2026-06-19 11:06:35'),
(14, '350NIG', '2025-04-22 00:00:00', 31, '2025-05-23', 'repair_days_v1', '2026-06-19 11:06:35'),
(15, '3628', '2025-11-22 00:00:00', 33, '2025-12-25', 'repair_days_v1', '2026-06-19 11:06:35'),
(16, '3634', '2025-03-16 00:00:00', 42, '2025-04-27', 'repair_days_v1', '2026-06-19 11:06:35'),
(17, '368NIG', '2025-04-22 00:00:00', 29, '2025-05-21', 'repair_days_v1', '2026-06-19 11:06:35'),
(18, '369NIG', '2026-01-18 00:00:00', 36, '2026-02-23', 'repair_days_v1', '2026-06-19 21:17:17'),
(19, '369NKA', '2025-06-18 00:00:00', 27, '2025-07-15', 'repair_days_v1', '2026-06-19 11:06:35'),
(20, '37298', '2026-01-29 00:00:00', 29, '2026-02-27', 'repair_days_v1', '2026-06-19 11:06:35'),
(21, '392NIG', '2026-03-23 00:00:00', 31, '2026-04-23', 'repair_days_v1', '2026-06-19 11:06:35'),
(22, '401NIG', '2026-01-29 00:00:00', 29, '2026-02-27', 'repair_days_v1', '2026-06-19 11:06:35'),
(23, '4232', '2025-11-22 00:00:00', 33, '2025-12-25', 'repair_days_v1', '2026-06-19 11:06:35'),
(24, '4238', '2025-11-22 00:00:00', 34, '2025-12-26', 'repair_days_v1', '2026-06-19 11:06:35'),
(25, '451NIG', '2025-04-22 00:00:00', 31, '2025-05-23', 'repair_days_v1', '2026-06-19 11:06:35'),
(26, '5222', '2025-03-16 00:00:00', 39, '2025-04-24', 'repair_days_v1', '2026-06-19 11:06:35'),
(27, '5239', '2025-03-09 00:00:00', 39, '2025-04-17', 'repair_days_v1', '2026-06-19 11:06:35'),
(28, '5288', '2025-03-16 00:00:00', 43, '2025-04-28', 'repair_days_v1', '2026-06-19 11:06:35'),
(29, '528NIG', '2025-09-04 00:00:00', 34, '2025-10-08', 'repair_days_v1', '2026-06-19 11:06:35'),
(30, '5301', '2025-03-09 00:00:00', 31, '2025-04-09', 'repair_days_v1', '2026-06-19 11:06:35'),
(31, '5348', '2025-11-22 00:00:00', 34, '2025-12-26', 'repair_days_v1', '2026-06-19 11:06:35'),
(32, '541NIG', '2025-04-22 00:00:00', 34, '2025-05-26', 'repair_days_v1', '2026-06-19 11:06:35'),
(33, '555NIG', '2026-03-16 00:00:00', 27, '2026-04-12', 'repair_days_v1', '2026-06-19 11:06:35'),
(34, '566NIG', '2026-01-18 00:00:00', 29, '2026-02-16', 'repair_days_v1', '2026-06-19 11:06:35'),
(35, '568NIG', '2026-01-30 00:00:00', 35, '2026-03-06', 'repair_days_v1', '2026-06-19 11:06:35'),
(36, '569NIG', '2026-03-23 00:00:00', 35, '2026-04-27', 'repair_days_v1', '2026-06-19 11:06:35'),
(37, '570NIG', '2026-03-23 00:00:00', 33, '2026-04-25', 'repair_days_v1', '2026-06-19 11:06:35'),
(38, '578NIG', '2026-03-01 00:00:00', 33, '2026-04-03', 'repair_days_v1', '2026-06-19 11:06:35'),
(39, '5794', '2025-06-01 00:00:00', 32, '2025-07-03', 'repair_days_v1', '2026-06-19 11:06:35'),
(40, '580NIG', '2026-03-01 00:00:00', 22, '2026-03-23', 'repair_days_v1', '2026-06-19 11:06:35'),
(41, '582NIG', '2026-03-01 00:00:00', 35, '2026-04-05', 'repair_days_v1', '2026-06-19 11:06:35'),
(42, '584NIG', '2026-03-01 00:00:00', 33, '2026-04-03', 'repair_days_v1', '2026-06-19 11:06:35'),
(43, '5852', '2025-02-19 00:00:00', 32, '2025-03-23', 'repair_days_v1', '2026-06-19 11:06:35'),
(44, '586NIG', '2026-03-23 00:00:00', 32, '2026-04-24', 'repair_days_v1', '2026-06-19 11:06:35'),
(45, '590NHG', '2026-03-16 00:00:00', 25, '2026-04-10', 'repair_days_v1', '2026-06-19 11:06:35'),
(46, '591NIG', '2026-01-25 00:00:00', 22, '2026-02-16', 'repair_days_v1', '2026-06-19 11:06:35'),
(48, '594NIG', '2026-01-30 00:00:00', 31, '2026-03-02', 'repair_days_v1', '2026-06-19 11:06:35'),
(49, '595NIG', '2026-03-01 00:00:00', 32, '2026-04-02', 'repair_days_v1', '2026-06-19 11:06:35'),
(50, '598NIG', '2026-03-23 00:00:00', 31, '2026-04-23', 'repair_days_v1', '2026-06-19 11:06:35'),
(51, '599NIG', '2026-03-23 00:00:00', 32, '2026-04-24', 'repair_days_v1', '2026-06-19 11:06:35'),
(52, '601NIG', '2026-03-01 00:00:00', 27, '2026-03-28', 'repair_days_v1', '2026-06-19 11:06:35'),
(53, '610NHG', '2026-03-16 00:00:00', 27, '2026-04-12', 'repair_days_v1', '2026-06-19 11:06:35'),
(54, '612NIG', '2026-02-08 00:00:00', 23, '2026-03-03', 'repair_days_v1', '2026-06-19 11:06:35'),
(55, '614NIG', '2026-01-04 00:00:00', 24, '2026-01-28', 'repair_days_v1', '2026-06-19 11:06:35'),
(56, '618NIG', '2026-03-01 00:00:00', 39, '2026-04-09', 'repair_days_v1', '2026-06-19 11:06:35'),
(57, '625NIG', '2026-03-23 00:00:00', 31, '2026-04-23', 'repair_days_v1', '2026-06-19 11:06:35'),
(58, '631NIG', '2026-01-29 00:00:00', 27, '2026-02-25', 'repair_days_v1', '2026-06-19 11:06:35'),
(59, '638NIG', '2025-09-25 00:00:00', 31, '2025-10-26', 'repair_days_v1', '2026-06-19 11:06:35'),
(60, '641NIG', '2025-06-12 00:00:00', 23, '2025-07-05', 'repair_days_v1', '2026-06-19 11:06:35'),
(62, '643NIG', '2026-03-01 00:00:00', 34, '2026-04-04', 'repair_days_v1', '2026-06-19 11:06:35'),
(63, '645NIG', '2026-01-25 00:00:00', 23, '2026-02-17', 'repair_days_v1', '2026-06-19 11:06:35'),
(64, '653NIG', '2026-01-25 00:00:00', 22, '2026-02-16', 'repair_days_v1', '2026-06-19 11:06:35'),
(65, '655NIG', '2026-03-01 00:00:00', 24, '2026-03-25', 'repair_days_v1', '2026-06-19 11:06:35'),
(66, '680NKA', '2026-02-08 00:00:00', 24, '2026-03-04', 'repair_days_v1', '2026-06-19 11:06:35'),
(67, '682NKA', '2026-03-16 00:00:00', 25, '2026-04-10', 'repair_days_v1', '2026-06-19 11:06:35'),
(68, '683NKA', '2026-03-23 00:00:00', 36, '2026-04-28', 'repair_days_v1', '2026-06-19 11:06:35'),
(69, '6988', '2025-11-22 00:00:00', 34, '2025-12-26', 'repair_days_v1', '2026-06-19 11:06:35'),
(70, '712NKA', '2025-04-15 00:00:00', 29, '2025-05-14', 'repair_days_v1', '2026-06-19 11:06:35'),
(71, '7328', '2025-07-06 00:00:00', 47, '2025-08-22', 'repair_days_v1', '2026-06-19 11:06:35'),
(72, '756NHG', '2025-09-28 00:00:00', 40, '2025-11-07', 'repair_days_v1', '2026-06-19 11:06:35'),
(73, '7649', '2025-11-22 00:00:00', 34, '2025-12-26', 'repair_days_v1', '2026-06-19 11:06:35'),
(74, '765NHG', '2025-05-16 00:00:00', 46, '2025-07-01', 'repair_days_v1', '2026-06-19 11:06:35'),
(75, '785NHE', '2026-02-28 00:00:00', 31, '2026-03-31', 'repair_days_v1', '2026-06-19 11:06:35'),
(76, '786NIG', '2025-05-03 00:00:00', 46, '2025-06-18', 'repair_days_v1', '2026-06-19 11:06:35'),
(77, '786NKA', '2026-03-01 00:00:00', 34, '2026-04-04', 'repair_days_v1', '2026-06-19 11:06:35'),
(78, '789NHE', '2025-08-02 00:00:00', 32, '2025-09-03', 'repair_days_v1', '2026-06-19 11:06:35'),
(79, '812NIG', '2025-09-03 00:00:00', 44, '2025-10-17', 'repair_days_v1', '2026-06-19 11:06:35'),
(80, '815NHG', '2025-04-22 00:00:00', 31, '2025-05-23', 'repair_days_v1', '2026-06-19 11:06:35'),
(81, '833NIG', '2026-02-17 00:00:00', 30, '2026-03-19', 'repair_days_v1', '2026-06-19 11:06:35'),
(82, '843NIG', '2025-09-03 00:00:00', 44, '2025-10-17', 'repair_days_v1', '2026-06-19 11:06:35'),
(83, '857NHE', '2026-03-23 00:00:00', 29, '2026-04-21', 'repair_days_v1', '2026-06-19 11:06:35'),
(84, '868NHE', '2026-02-27 00:00:00', 30, '2026-03-29', 'repair_days_v1', '2026-06-19 11:06:35'),
(85, '887NIG', '2026-01-13 00:00:00', 31, '2026-02-13', 'repair_days_v1', '2026-06-19 11:06:35'),
(86, '899NIF', '2026-03-16 00:00:00', 27, '2026-04-12', 'repair_days_v1', '2026-06-19 11:06:35'),
(87, '902NHE', '2026-03-01 00:00:00', 34, '2026-04-04', 'repair_days_v1', '2026-06-19 11:06:35'),
(88, '905NIF', '2026-03-16 00:00:00', 25, '2026-04-10', 'repair_days_v1', '2026-06-19 11:06:35'),
(89, '906NHE', '2025-04-15 00:00:00', 29, '2025-05-14', 'repair_days_v1', '2026-06-19 11:06:35'),
(90, '908NHE', '2026-03-23 00:00:00', 33, '2026-04-25', 'repair_days_v1', '2026-06-19 11:06:35'),
(91, '910NIF', '2026-03-16 00:00:00', 25, '2026-04-10', 'repair_days_v1', '2026-06-19 11:06:35'),
(92, '920NHE', '2025-06-18 00:00:00', 32, '2025-07-20', 'repair_days_v1', '2026-06-19 11:06:35'),
(93, '920NIG', '2026-02-02 00:00:00', 32, '2026-03-06', 'repair_days_v1', '2026-06-19 11:06:35'),
(94, '93058', '2026-01-29 00:00:00', 29, '2026-02-27', 'repair_days_v1', '2026-06-19 11:06:35'),
(95, '931NHE', '2026-02-17 00:00:00', 30, '2026-03-19', 'repair_days_v1', '2026-06-19 11:06:35'),
(96, '939NHE', '2025-11-18 00:00:00', 30, '2025-12-18', 'repair_days_v1', '2026-06-19 11:06:35'),
(97, '950NHE', '2026-03-16 00:00:00', 25, '2026-04-10', 'repair_days_v1', '2026-06-19 11:06:35'),
(98, '951NHE', '2026-03-23 00:00:00', 30, '2026-04-22', 'repair_days_v1', '2026-06-19 11:06:35'),
(99, '954NHG', '2026-01-25 00:00:00', 17, '2026-02-11', 'repair_days_v1', '2026-06-19 11:06:35'),
(100, '954NIG', '2025-08-15 00:00:00', 30, '2025-09-14', 'repair_days_v1', '2026-06-19 11:06:35'),
(101, '955NHG', '2026-01-04 00:00:00', 27, '2026-01-31', 'repair_days_v1', '2026-06-19 11:06:35'),
(102, '956NHG', '2026-01-14 00:00:00', 27, '2026-02-10', 'repair_days_v1', '2026-06-19 11:06:35'),
(103, '956NIG', '2025-08-01 00:00:00', 30, '2025-08-31', 'repair_days_v1', '2026-06-19 11:06:35'),
(104, '958NHG', '2026-02-08 00:00:00', 24, '2026-03-04', 'repair_days_v1', '2026-06-19 11:06:35'),
(105, '958NIG', '2025-10-15 00:00:00', 37, '2025-11-21', 'repair_days_v1', '2026-06-19 11:06:35'),
(106, '959NHG', '2026-02-08 00:00:00', 26, '2026-03-06', 'repair_days_v1', '2026-06-19 11:06:35'),
(107, '961NHG', '2026-03-23 00:00:00', 27, '2026-04-19', 'repair_days_v1', '2026-06-19 11:06:35'),
(108, '963NHG', '2026-01-18 00:00:00', 26, '2026-02-13', 'repair_days_v1', '2026-06-19 11:06:35'),
(109, '963NIG', '2025-06-12 00:00:00', 47, '2025-07-29', 'repair_days_v1', '2026-06-19 11:06:35'),
(110, '977NIF', '2025-08-02 00:00:00', 32, '2025-09-03', 'repair_days_v1', '2026-06-19 11:06:35'),
(111, 'KSW00243194', '2025-02-16 00:00:00', 32, '2025-03-20', 'repair_days_v1', '2026-06-19 11:06:35'),
(112, 'MC 0683', '2025-02-16 00:00:00', 34, '2025-03-22', 'repair_days_v1', '2026-06-19 11:06:35'),
(113, 'MC 236', '2025-09-28 00:00:00', 37, '2025-11-04', 'repair_days_v1', '2026-06-19 11:06:35'),
(114, 'N568LA', '2026-01-25 00:00:00', 24, '2026-02-18', 'repair_days_v1', '2026-06-19 11:06:35'),
(115, 'N569LA', '2026-03-08 00:00:00', 46, '2026-04-23', 'repair_days_v1', '2026-06-19 11:06:35'),
(116, 'N578LA', '2026-03-01 00:00:00', 23, '2026-03-24', 'repair_days_v1', '2026-06-19 11:06:35'),
(117, 'N597LA', '2026-03-23 00:00:00', 24, '2026-04-16', 'repair_days_v1', '2026-06-19 11:06:35'),
(118, 'N598IA', '2025-08-15 00:00:00', 37, '2025-09-21', 'repair_days_v1', '2026-06-19 11:06:35'),
(119, 'N598LA', '2026-03-23 00:00:00', 25, '2026-04-17', 'repair_days_v1', '2026-06-19 11:06:35'),
(120, 'NG64338', '2025-03-23 00:00:00', 43, '2025-05-05', 'repair_days_v1', '2026-06-19 11:06:35'),
(121, 'NG64339', '2025-03-23 00:00:00', 44, '2025-05-06', 'repair_days_v1', '2026-06-19 11:06:35'),
(122, 'NG64340', '2025-03-23 00:00:00', 42, '2025-05-04', 'repair_days_v1', '2026-06-19 11:06:35'),
(123, 'NG64341', '2025-03-23 00:00:00', 46, '2025-05-08', 'repair_days_v1', '2026-06-19 11:06:35'),
(124, 'NG64342', '2025-03-23 00:00:00', 44, '2025-05-06', 'repair_days_v1', '2026-06-19 11:06:35'),
(125, 'NG64343', '2025-03-23 00:00:00', 46, '2025-05-08', 'repair_days_v1', '2026-06-19 11:06:35'),
(126, 'PAORE3210H0003274', '2026-02-17 00:00:00', 30, '2026-03-19', 'repair_days_v1', '2026-06-19 11:06:35'),
(127, 'PAORE3210H0032457', '2026-02-17 00:00:00', 32, '2026-03-21', 'repair_days_v1', '2026-06-19 11:06:35'),
(128, 'PAORE3210H0035278', '2025-06-12 00:00:00', 41, '2025-07-23', 'repair_days_v1', '2026-06-19 11:06:35'),
(129, 'PAORE3210H0036992', '2025-09-20 00:00:00', 35, '2025-10-25', 'repair_days_v1', '2026-06-19 11:06:35'),
(130, 'PAORE3210H0037004', '2025-03-03 00:00:00', 29, '2025-04-01', 'repair_days_v1', '2026-06-19 11:06:35'),
(131, 'PAORE3210H0037012', '2025-08-15 00:00:00', 29, '2025-09-13', 'repair_days_v1', '2026-06-19 11:06:35'),
(132, 'PAORE3210H0037038', '2025-09-20 00:00:00', 46, '2025-11-05', 'repair_days_v1', '2026-06-19 11:06:35'),
(133, 'PAORE3210H0037059', '2025-11-10 00:00:00', 33, '2025-12-13', 'repair_days_v1', '2026-06-19 11:06:35'),
(134, 'PAORE3210H0037064', '2025-09-20 00:00:00', 35, '2025-10-25', 'repair_days_v1', '2026-06-19 11:06:35'),
(135, 'PAORE3210H0037258', '2026-02-27 00:00:00', 30, '2026-03-29', 'repair_days_v1', '2026-06-19 11:06:35'),
(136, 'PAORE3210H0037326', '2026-01-04 00:00:00', 29, '2026-02-02', 'repair_days_v1', '2026-06-19 11:06:35'),
(137, 'PAORE3210H0037365', '2026-02-27 00:00:00', 30, '2026-03-29', 'repair_days_v1', '2026-06-19 11:06:35'),
(138, 'PAORE3210H0037666', '2025-08-02 00:00:00', 32, '2025-09-03', 'repair_days_v1', '2026-06-19 11:06:35'),
(139, 'PAORE3210H0037669', '2025-07-13 00:00:00', 36, '2025-08-18', 'repair_days_v1', '2026-06-19 11:06:35'),
(140, 'PAORE3210H0037675', '2025-07-13 00:00:00', 35, '2025-08-17', 'repair_days_v1', '2026-06-19 11:06:35'),
(141, 'PAORE3210H0037676', '2025-05-16 00:00:00', 24, '2025-06-09', 'repair_days_v1', '2026-06-19 11:06:35'),
(142, 'PAORE3210H0037677', '2025-05-16 00:00:00', 24, '2025-06-09', 'repair_days_v1', '2026-06-19 11:06:35'),
(143, 'PAORE3210H0037678', '2025-05-16 00:00:00', 24, '2025-06-09', 'repair_days_v1', '2026-06-19 11:06:35'),
(144, 'PAORE3210H0037679', '2025-05-16 00:00:00', 24, '2025-06-09', 'repair_days_v1', '2026-06-19 11:06:35'),
(145, 'PAORE3210H0037733', '2025-08-02 00:00:00', 32, '2025-09-03', 'repair_days_v1', '2026-06-19 11:06:35'),
(146, 'PAORE3210H0037745', '2025-09-20 00:00:00', 39, '2025-10-29', 'repair_days_v1', '2026-06-19 11:06:35'),
(147, 'PAORE3210H0037775', '2026-03-23 00:00:00', 32, '2026-04-24', 'repair_days_v1', '2026-06-19 11:06:35'),
(148, 'PAORE3210H0037830', '2025-09-27 00:00:00', 35, '2025-11-01', 'repair_days_v1', '2026-06-19 11:06:35'),
(149, 'PAORE3210H0037842', '2025-09-03 00:00:00', 31, '2025-10-04', 'repair_days_v1', '2026-06-19 11:06:35'),
(156, 'PAORE3210H0038073', '2025-04-22 00:00:00', 29, '2025-05-21', 'repair_days_v1', '2026-06-19 11:06:35'),
(157, 'PAORE3210H0038119', '2025-11-10 00:00:00', 33, '2025-12-13', 'repair_days_v1', '2026-06-19 11:06:35'),
(158, 'PAORE3210H0038702', '2025-10-16 00:00:00', 29, '2025-11-14', 'repair_days_v1', '2026-06-19 11:06:35'),
(159, 'PAORE3210H0038794', '2025-03-03 00:00:00', 27, '2025-03-30', 'repair_days_v1', '2026-06-19 11:06:35'),
(160, 'PAORE3210H0038802', '2025-09-20 00:00:00', 35, '2025-10-25', 'repair_days_v1', '2026-06-19 11:06:35'),
(161, 'PAORE3210H0043082', '2026-02-27 00:00:00', 30, '2026-03-29', 'repair_days_v1', '2026-06-19 11:06:35'),
(162, 'PAORE3210H0043259', '2026-02-27 00:00:00', 32, '2026-03-31', 'repair_days_v1', '2026-06-19 11:06:35'),
(163, 'PAORE3210H0043270', '2026-02-02 00:00:00', 30, '2026-03-04', 'repair_days_v1', '2026-06-19 11:06:35'),
(164, 'PAORE3210H0044281', '2026-02-27 00:00:00', 30, '2026-03-29', 'repair_days_v1', '2026-06-19 11:06:35'),
(165, 'PAORE3210H0044369', '2026-02-27 00:00:00', 30, '2026-03-29', 'repair_days_v1', '2026-06-19 11:06:35'),
(166, 'PAORE3210H0044551', '2026-02-02 00:00:00', 30, '2026-03-04', 'repair_days_v1', '2026-06-19 11:06:35'),
(167, 'PAORE3210H0044646', '2026-02-17 00:00:00', 32, '2026-03-21', 'repair_days_v1', '2026-06-19 11:06:35'),
(168, 'PAORE3210H0044698', '2026-02-02 00:00:00', 32, '2026-03-06', 'repair_days_v1', '2026-06-19 11:06:35'),
(169, 'PAORE3210H0044699', '2026-02-27 00:00:00', 30, '2026-03-29', 'repair_days_v1', '2026-06-19 11:06:35'),
(170, 'PAORE3210H0093090', '2026-02-17 00:00:00', 30, '2026-03-19', 'repair_days_v1', '2026-06-19 11:06:35'),
(171, 'PAORE3210H0093098', '2026-02-02 00:00:00', 30, '2026-03-04', 'repair_days_v1', '2026-06-19 11:06:35'),
(172, 'PAORE3210H0095598', '2026-02-27 00:00:00', 30, '2026-03-29', 'repair_days_v1', '2026-06-19 11:06:35'),
(173, 'PAORE3210J0093088', '2025-03-03 00:00:00', 25, '2025-03-28', 'repair_days_v1', '2026-06-19 11:06:35'),
(174, 'PAORE3210J0093107', '2025-03-03 00:00:00', 25, '2025-03-28', 'repair_days_v1', '2026-06-19 11:06:35'),
(175, 'PAORE3210J0093110', '2025-09-20 00:00:00', 35, '2025-10-25', 'repair_days_v1', '2026-06-19 11:06:35'),
(176, 'PAORE3210J0093125', '2025-11-10 00:00:00', 33, '2025-12-13', 'repair_days_v1', '2026-06-19 11:06:35'),
(177, 'PAORE3210J0093196', '2025-06-18 00:00:00', 32, '2025-07-20', 'repair_days_v1', '2026-06-19 11:06:35'),
(178, 'PAORE3210J0093244', '2025-08-02 00:00:00', 32, '2025-09-03', 'repair_days_v1', '2026-06-19 11:06:35'),
(179, 'PAORE3210J0094234', '2025-11-10 00:00:00', 33, '2025-12-13', 'repair_days_v1', '2026-06-19 11:06:35'),
(180, 'PAORE3210J0094240', '2025-11-10 00:00:00', 32, '2025-12-12', 'repair_days_v1', '2026-06-19 11:06:35'),
(181, 'PAORE3210J0095153', '2025-11-10 00:00:00', 33, '2025-12-13', 'repair_days_v1', '2026-06-19 11:06:35'),
(182, 'PAORE3210J0095239', '2025-04-06 00:00:00', 41, '2025-05-17', 'repair_days_v1', '2026-06-19 11:06:35'),
(183, 'PAORE3210J0095253', '2025-11-10 00:00:00', 33, '2025-12-13', 'repair_days_v1', '2026-06-19 11:06:35'),
(184, 'PAORE3210J0095256', '2025-07-06 00:00:00', 32, '2025-08-07', 'repair_days_v1', '2026-06-19 11:06:35'),
(185, 'PAORE3210J0095288', '2025-05-17 00:00:00', 43, '2025-06-29', 'repair_days_v1', '2026-06-19 11:06:35'),
(186, 'PAORE3210J0095292', '2025-05-17 00:00:00', 43, '2025-06-29', 'repair_days_v1', '2026-06-19 11:06:35'),
(187, 'PAORE3210J0095301', '2025-04-06 00:00:00', 41, '2025-05-17', 'repair_days_v1', '2026-06-19 11:06:35'),
(188, 'PAORE3210J0095408', '2025-03-03 00:00:00', 25, '2025-03-28', 'repair_days_v1', '2026-06-19 11:06:35');

-- --------------------------------------------------------

--
-- Table structure for table `repair`
--

CREATE TABLE `repair` (
  `repair_id` varchar(10) NOT NULL,
  `part_name` varchar(100) NOT NULL,
  `price` decimal(10,2) NOT NULL,
  `repair_type_id` varchar(10) DEFAULT NULL,
  `amount` int(11) DEFAULT 100
) ENGINE=InnoDB DEFAULT CHARSET=utf8mb4 COLLATE=utf8mb4_general_ci;

--
-- Dumping data for table `repair`
--

INSERT INTO `repair` (`repair_id`, `part_name`, `price`, `repair_type_id`, `amount`) VALUES
('P001', 'ACCESSORIES RELAY', 150.00, 'ELS', 100),
('P002', 'AIR FILTER', 350.00, 'FF', 100),
('P003', 'AXLE REAR WHEEL', 220.00, 'CSW', 100),
('P004', 'BALL RACE', 550.00, 'CSW', 100),
('P005', 'BATTERY', 900.00, 'ELS', 100),
('P006', 'BEARING', 120.00, 'CSW', 100),
('P007', 'BLOCK ASSY', 3200.00, 'ES', 100),
('P008', 'BLOCK GASKET', 350.00, 'ES', 100),
('P009', 'BOLTS', 20.00, 'BE', 100),
('P010', 'BOLTS AND NUTS', 100.00, 'BE', 100),
('P011', 'BRAKE ARM', 180.00, 'BS', 100),
('P012', 'BRAKE CABLE', 180.00, 'BS', 100),
('P013', 'BRAKE LEVER ASSY', 250.00, 'BS', 100),
('P014', 'BRAKE LIGHT SWITCH', 180.00, 'BS', 100),
('P015', 'BRAKE NUT/SPACER', 100.00, 'BS', 100),
('P016', 'BRAKE ROD', 150.00, 'BS', 100),
('P017', 'BRAKE SHOE', 400.00, 'BS', 100),
('P018', 'CAMSHAFT ASSY', 850.00, 'ES', 100),
('P019', 'CARB CLEANER', 140.00, 'FF', 100),
('P020', 'CARB KIT', 450.00, 'ES', 100),
('P021', 'CARBURETOR', 2700.00, 'ES', 100),
('P022', 'CDI', 950.00, 'ES', 100),
('P023', 'CHAIN', 800.00, 'DT', 100),
('P024', 'CHAIN ADJUSTER', 150.00, 'DT', 100),
('P025', 'CHAIN GUIDE', 450.00, 'DT', 100),
('P026', 'CHAIN TENSIONER', 450.00, 'DT', 100),
('P027', 'CHAIN TENSIONER GASKET', 150.00, 'ES', 100),
('P028', 'CLUTCH ASSY', 1200.00, 'ES', 100),
('P029', 'CLUTCH BOSS', 950.00, 'ES', 100),
('P030', 'CLUTCH CABLE', 180.00, 'DT', 100),
('P031', 'CLUTCH GASKET', 150.00, 'ES', 100),
('P032', 'CLUTCH HUB', 950.00, 'ES', 100),
('P033', 'CLUTCH LEVER ASSY', 250.00, 'ES', 100),
('P034', 'CLUTCH LINING', 700.00, 'ES', 100),
('P035', 'CLUTCH PLATE', 180.00, 'ES', 100),
('P036', 'CONNECTING ROD', 750.00, 'ES', 100),
('P037', 'CRANKCASE GASKET', 150.00, 'ES', 100),
('P038', 'CVT CLEANER', 140.00, 'FF', 100),
('P039', 'CYLINDER BLOCK', 3200.00, 'ES', 100),
('P040', 'DUST SEAL', 120.00, 'CSW', 100),
('P041', 'EXHAUST GASKET', 100.00, 'CSW', 100),
('P042', 'EXHAUST VALVE', 350.00, 'ES', 100),
('P043', 'FLANGE HUB', 550.00, 'DT', 100),
('P044', 'FLASHER RELAY', 150.00, 'ELS', 100),
('P045', 'FOOTREST RUBBER', 150.00, 'BE', 100),
('P046', 'FOOTREST SCREW', 40.00, 'BE', 100),
('P047', 'FORK OIL', 150.00, 'CSW', 100),
('P048', 'FRONT SHOCK ASSY', 2450.00, 'CSW', 100),
('P049', 'FRONT SPACER', 80.00, 'CSW', 100),
('P050', 'FUEL FILTER', 120.00, 'FF', 100),
('P051', 'FUEL COCK', 250.00, 'FF', 100),
('P052', 'FUSE', 20.00, 'ELS', 100),
('P053', 'FUSE BOX', 120.00, 'ELS', 100),
('P054', 'GASKET MAKER', 120.00, 'FF', 100),
('P055', 'GASOLINE', 50.00, 'FF', 100),
('P056', 'GREASE', 50.00, 'FF', 100),
('P057', 'HANDLE GRIP', 150.00, 'BE', 100),
('P058', 'HANDLE SWITCH', 500.00, 'ELS', 100),
('P059', 'HARNESS', 250.00, 'ELS', 100),
('P060', 'HEAD BASE GASKET', 150.00, 'ES', 100),
('P061', 'HEADLIGHT ASSY', 800.00, 'ELS', 100),
('P062', 'HEADLIGHT BULB', 80.00, 'ELS', 100),
('P063', 'HORN', 150.00, 'ELS', 100),
('P064', 'IGNITION COIL', 450.00, 'ELS', 100),
('P065', 'IGNITION SWITCH', 1300.00, 'ELS', 100),
('P066', 'INTAKE VALVE', 250.00, 'ES', 100),
('P067', 'INTERIOR', 200.00, 'BE', 100),
('P068', 'KILL SWITCH', 220.00, 'ELS', 100),
('P069', 'LEFT HANDLE ASSY', 700.00, 'ELS', 100),
('P070', 'MAGNETO GASKET', 150.00, 'ES', 100),
('P071', 'MAIN RELAY', 250.00, 'ELS', 100),
('P072', 'METER GEAR', 150.00, 'CSW', 100),
('P073', 'MOTOR OIL', 350.00, 'FF', 100),
('P074', 'MUFFLER', 100.00, 'CSW', 100),
('P075', 'MUFFLER BRACKET', 450.00, 'CSW', 100),
('P076', 'OIL FILTER', 100.00, 'FF', 100),
('P077', 'OIL SEAL', 100.00, 'ES', 100),
('P078', 'OIL SEAL CLUTCH ARM', 120.00, 'FF', 100),
('P079', 'OVERHAUL GASKET', 250.00, 'ES', 100),
('P080', 'PISTON RING', 200.00, 'ES', 100),
('P081', 'PRESSURE PLATE', 180.00, 'ES', 100),
('P082', 'REAR FOOTREST', 100.00, 'BE', 100),
('P083', 'REAR HUB SET', 350.00, 'DT', 100),
('P084', 'REAR SHOCK ASSY', 1800.00, 'CSW', 100),
('P085', 'RECTIFIER', 500.00, 'ELS', 100),
('P086', 'RIGHT HANDLE ASSY', 500.00, 'BE', 100),
('P087', 'RIM SET', 100.00, 'CSW', 100),
('P088', 'ROCKER ARM', 450.00, 'ES', 100),
('P089', 'RUBBER DUMPER', 150.00, 'CSW', 100),
('P090', 'SEAT COVER', 250.00, 'BE', 100),
('P091', 'SEGUNYAL BEARING', 350.00, 'CSW', 100),
('P092', 'SIDE MIRROR', 300.00, 'BE', 100),
('P093', 'SIDE STAND', 450.00, 'BE', 100),
('P094', 'SIGNAL LIGHT ASSY', 300.00, 'ELS', 100),
('P095', 'SIGNAL LIGHT BULB', 40.00, 'ELS', 100),
('P096', 'SPACER', 120.00, 'CSW', 100),
('P097', 'SPARK PLUG', 120.00, 'ES', 100),
('P098', 'SPARK PLUG CAP', 150.00, 'ELS', 100),
('P099', 'SPEED CABLE', 250.00, 'CSW', 100),
('P100', 'SPEED GAUGE ASSY', 1300.00, 'CSW', 100),
('P101', 'SPEED GEAR', 150.00, 'CSW', 100),
('P102', 'SPRAY PAINT', 150.00, 'BE', 100),
('P103', 'SPROCKET BUSHING', 100.00, 'DT', 100),
('P104', 'SPROCKET CHAIN', 350.00, 'DT', 100),
('P105', 'SPROCKET HUB', 350.00, 'DT', 100),
('P106', 'SPROCKET LOCK', 120.00, 'DT', 100),
('P107', 'SPROCKET SET', 700.00, 'DT', 100),
('P108', 'STARTER MOTOR', 1100.00, 'ELS', 100),
('P109', 'STARTER RELAY', 400.00, 'ELS', 100),
('P110', 'STATOR ASSY', 1200.00, 'ELS', 100),
('P111', 'TAIL LIGHT BULB', 40.00, 'ELS', 100),
('P112', 'TENSIONER GASKET', 150.00, 'ES', 100),
('P113', 'THREEBOND', 120.00, 'ES', 100),
('P114', 'THROTTLE CABLE', 180.00, 'FF', 100),
('P115', 'THROTTLE GRIP', 220.00, 'CSW', 100),
('P116', 'THROTTLE TUBE', 120.00, 'CSW', 100),
('P117', 'TIMING CHAIN', 220.00, 'ES', 100),
('P118', 'TIMING GASKET', 150.00, 'ES', 100),
('P119', 'TIMING GUIDE', 350.00, 'ES', 100),
('P120', 'TIRE', 800.00, 'CSW', 100),
('P121', 'TOP GASKET', 150.00, 'ES', 100),
('P122', 'TRANSMISSION GEAR', 2600.00, 'DT', 100),
('P123', 'VALVE SEAL', 80.00, 'ES', 100),
('P124', 'VENDIX REPAIR', 180.00, 'DT', 100),
('P125', 'VS1', 150.00, 'FF', 100),
('P126', 'VULCANIZE', 80.00, 'BE', 100),
('P127', 'WASHER/BOLTS', 50.00, 'BE', 100),
('P128', 'WD40', 20.00, 'FF', 100),
('P129', 'WHEEL BEARING', 150.00, 'CSW', 100),
('P130', 'LABOR ONLY', 0.00, NULL, 100);

-- --------------------------------------------------------

--
-- Table structure for table `repair_transactions`
--

CREATE TABLE `repair_transactions` (
  `transaction_id` int(11) NOT NULL,
  `plate_no` varchar(50) NOT NULL,
  `status_id` varchar(10) NOT NULL,
  `type_id` varchar(10) NOT NULL,
  `mechanic_id` varchar(10) DEFAULT NULL,
  `labor_cost` decimal(10,2) DEFAULT 0.00,
  `date` datetime NOT NULL
) ENGINE=InnoDB DEFAULT CHARSET=utf8mb4 COLLATE=utf8mb4_general_ci;

--
-- Dumping data for table `repair_transactions`
--

INSERT INTO `repair_transactions` (`transaction_id`, `plate_no`, `status_id`, `type_id`, `mechanic_id`, `labor_cost`, `date`) VALUES
(1, '528NIG', 'COM', 'PMS', NULL, 900.00, '2025-02-09 00:00:00'),
(2, '568NIG', 'COM', 'PMS', NULL, 900.00, '2025-02-09 00:00:00'),
(3, '569NIG', 'COM', 'PMS', NULL, 900.00, '2025-02-09 00:00:00'),
(4, '586NIG', 'COM', 'PMS', NULL, 900.00, '2025-02-09 00:00:00'),
(5, '594NIG', 'COM', 'PMS', NULL, 900.00, '2025-02-09 00:00:00'),
(6, '598NIG', 'COM', 'PMS', NULL, 900.00, '2025-02-09 00:00:00'),
(7, '599NIG', 'COM', 'PMS', NULL, 900.00, '2025-02-09 00:00:00'),
(8, '625NIG', 'COM', 'PMS', NULL, 900.00, '2025-02-09 00:00:00'),
(9, '641NIG', 'COM', 'PMS', NULL, 900.00, '2025-02-09 00:00:00'),
(10, '683NKA', 'COM', 'PMS', NULL, 900.00, '2025-02-09 00:00:00'),
(11, '963NHG', 'COM', 'PMS', NULL, 900.00, '2025-02-09 00:00:00'),
(12, 'KSW00243194', 'COM', 'PMS', NULL, 900.00, '2025-02-09 00:00:00'),
(13, 'MC 0683', 'COM', 'PMS', NULL, 900.00, '2025-02-09 00:00:00'),
(14, 'PAORE3210J0094240', 'COM', 'PMS', NULL, 900.00, '2025-02-09 00:00:00'),
(15, '599NIG', 'COM', 'REP', NULL, 300.00, '2025-02-16 00:00:00'),
(16, '568NIG', 'COM', 'REP', NULL, 600.00, '2025-02-16 00:00:00'),
(17, '586NIG', 'COM', 'REP', NULL, 500.00, '2025-02-16 00:00:00'),
(18, 'MC 0683', 'COM', 'REP', NULL, 300.00, '2025-02-16 00:00:00'),
(19, 'PAORE3210J0094240', 'COM', 'REP', NULL, 1670.00, '2025-02-16 00:00:00'),
(20, '908NHE', 'COM', 'REP', NULL, 1150.00, '2025-02-16 00:00:00'),
(21, '625NIG', 'COM', 'REP', NULL, 1050.00, '2025-02-16 00:00:00'),
(22, '598NIG', 'COM', 'REP', NULL, 350.00, '2025-02-16 00:00:00'),
(23, '683NKA', 'COM', 'REP', NULL, 300.00, '2025-02-16 00:00:00'),
(24, 'KSW00243194', 'COM', 'REP', NULL, 800.00, '2025-02-16 00:00:00'),
(25, '963NHG', 'COM', 'REP', NULL, 1000.00, '2025-02-16 00:00:00'),
(26, '594NIG', 'COM', 'REP', NULL, 800.00, '2025-02-16 00:00:00'),
(27, '528NIG', 'COM', 'REP', NULL, 150.00, '2025-02-16 00:00:00'),
(28, '569NIG', 'COM', 'REP', NULL, 200.00, '2025-02-16 00:00:00'),
(29, '902NHE', 'COM', 'REP', NULL, 2150.00, '2025-02-19 00:00:00'),
(30, '598NIG', 'COM', 'REP', NULL, 150.00, '2025-02-19 00:00:00'),
(31, '570NIG', 'COM', 'REP', NULL, 800.00, '2025-02-19 00:00:00'),
(32, '5852', 'COM', 'REP', NULL, 1050.00, '2025-02-19 00:00:00'),
(33, '641NIG', 'COM', 'REP', NULL, 2000.00, '2025-02-19 00:00:00'),
(34, '643NIG', 'COM', 'REP', NULL, 0.00, '2025-02-23 00:00:00'),
(35, '5301', 'COM', 'REP', NULL, 0.00, '2025-02-23 00:00:00'),
(36, '566NIG', 'COM', 'PMS', NULL, 900.00, '2025-02-23 00:00:00'),
(37, '582NIG', 'COM', 'PMS', NULL, 900.00, '2025-02-23 00:00:00'),
(38, '584NIG', 'COM', 'PMS', NULL, 900.00, '2025-02-23 00:00:00'),
(39, '591NIG', 'COM', 'PMS', NULL, 900.00, '2025-02-23 00:00:00'),
(40, '594NHG', 'COM', 'PMS', NULL, 900.00, '2025-02-23 00:00:00'),
(41, '595NIG', 'COM', 'PMS', NULL, 900.00, '2025-02-23 00:00:00'),
(42, '618NIG', 'COM', 'PMS', NULL, 900.00, '2025-02-23 00:00:00'),
(43, '643NIG', 'COM', 'PMS', NULL, 900.00, '2025-02-23 00:00:00'),
(44, '645NIG', 'COM', 'PMS', NULL, 900.00, '2025-02-23 00:00:00'),
(45, '653NIG', 'COM', 'PMS', NULL, 900.00, '2025-02-23 00:00:00'),
(46, '680NKA', 'COM', 'PMS', NULL, 900.00, '2025-02-23 00:00:00'),
(47, '786NKA', 'COM', 'PMS', NULL, 900.00, '2025-02-23 00:00:00'),
(48, '939NHE', 'COM', 'PMS', NULL, 900.00, '2025-02-23 00:00:00'),
(49, '956NHG', 'COM', 'PMS', NULL, 900.00, '2025-02-23 00:00:00'),
(50, '959NHG', 'COM', 'PMS', NULL, 900.00, '2025-02-23 00:00:00'),
(51, 'PAORE3210J0095222', 'COM', 'PMS', NULL, 900.00, '2025-02-23 00:00:00'),
(52, 'PAORE3210J0095239', 'COM', 'PMS', NULL, 900.00, '2025-02-23 00:00:00'),
(53, 'PAORE3210J0095256', 'COM', 'PMS', NULL, 900.00, '2025-02-23 00:00:00'),
(54, 'PAORE3210J0095288', 'COM', 'PMS', NULL, 900.00, '2025-02-23 00:00:00'),
(55, 'PAORE3210J0095292', 'COM', 'PMS', NULL, 900.00, '2025-02-23 00:00:00'),
(56, 'PAORE3210J0095301', 'COM', 'PMS', NULL, 900.00, '2025-02-23 00:00:00'),
(57, 'PAORE3210H0038794', 'COM', 'REP', NULL, 3700.00, '2025-03-03 00:00:00'),
(58, 'PAORE3210H0037004', 'COM', 'REP', NULL, 3700.00, '2025-03-03 00:00:00'),
(59, 'PAORE3210J0095408', 'COM', 'REP', NULL, 3700.00, '2025-03-03 00:00:00'),
(60, 'PAORE3210J0093107', 'COM', 'REP', NULL, 3700.00, '2025-03-03 00:00:00'),
(61, 'PAORE3210J0093088', 'COM', 'REP', NULL, 3700.00, '2025-03-03 00:00:00'),
(62, '5239', 'COM', 'REP', NULL, 1150.00, '2025-03-09 00:00:00'),
(63, '653NIG', 'COM', 'REP', NULL, 1150.00, '2025-03-09 00:00:00'),
(64, '566NIG', 'COM', 'REP', NULL, 1000.00, '2025-03-09 00:00:00'),
(65, '5301', 'COM', 'REP', NULL, 300.00, '2025-03-09 00:00:00'),
(66, '23279', 'COM', 'REP', NULL, 150.00, '2025-03-09 00:00:00'),
(67, '582NIG', 'COM', 'REP', NULL, 900.00, '2025-03-09 00:00:00'),
(68, '956NHG', 'COM', 'REP', NULL, 1100.00, '2025-03-09 00:00:00'),
(69, '959NHG', 'COM', 'REP', NULL, 1350.00, '2025-03-09 00:00:00'),
(70, '595NIG', 'COM', 'REP', NULL, 1000.00, '2025-03-09 00:00:00'),
(71, '680NKA', 'COM', 'REP', NULL, 750.00, '2025-03-09 00:00:00'),
(72, '1303-0709370', 'COM', 'REP', NULL, 750.00, '2025-03-09 00:00:00'),
(73, '612NIG', 'COM', 'REP', NULL, 2750.00, '2025-03-09 00:00:00'),
(74, '954NHG', 'COM', 'REP', NULL, 1000.00, '2025-03-09 00:00:00'),
(75, '578NIG', 'COM', 'REP', NULL, 1600.00, '2025-03-09 00:00:00'),
(76, '591NIG', 'COM', 'REP', NULL, 5230.00, '2025-03-16 00:00:00'),
(77, '939NHE', 'COM', 'REP', NULL, 6500.00, '2025-03-16 00:00:00'),
(78, '643NIG', 'COM', 'REP', NULL, 2250.00, '2025-03-16 00:00:00'),
(79, '584NIG', 'COM', 'REP', NULL, 4430.00, '2025-03-16 00:00:00'),
(80, '618NIG', 'COM', 'REP', NULL, 4660.00, '2025-03-16 00:00:00'),
(81, '5222', 'COM', 'REP', NULL, 1080.00, '2025-03-16 00:00:00'),
(82, '645NIG', 'COM', 'REP', NULL, 5110.00, '2025-03-16 00:00:00'),
(83, '786NKA', 'COM', 'REP', NULL, 3800.00, '2025-03-16 00:00:00'),
(84, '5288', 'COM', 'REP', NULL, 1840.00, '2025-03-16 00:00:00'),
(85, '680NKA', 'COM', 'REP', NULL, 2480.00, '2025-03-16 00:00:00'),
(86, '3634', 'COM', 'REP', NULL, 1550.00, '2025-03-16 00:00:00'),
(87, '5794', 'COM', 'REP', NULL, 1020.00, '2025-03-16 00:00:00'),
(88, '376', 'COM', 'PMS', NULL, 900.00, '2025-03-16 00:00:00'),
(89, '528NIG', 'COM', 'PMS', NULL, 900.00, '2025-03-16 00:00:00'),
(90, '568NIG', 'COM', 'PMS', NULL, 900.00, '2025-03-16 00:00:00'),
(91, '570NIG', 'COM', 'PMS', NULL, 900.00, '2025-03-16 00:00:00'),
(92, '586NIG', 'COM', 'PMS', NULL, 900.00, '2025-03-16 00:00:00'),
(93, '594NIG', 'COM', 'PMS', NULL, 900.00, '2025-03-16 00:00:00'),
(94, '598NIG', 'COM', 'PMS', NULL, 900.00, '2025-03-16 00:00:00'),
(95, '599NIG', 'COM', 'PMS', NULL, 900.00, '2025-03-16 00:00:00'),
(96, '625NIG', 'COM', 'PMS', NULL, 900.00, '2025-03-16 00:00:00'),
(97, '641NIG', 'COM', 'PMS', NULL, 900.00, '2025-03-16 00:00:00'),
(98, '683NKA', 'COM', 'PMS', NULL, 900.00, '2025-03-16 00:00:00'),
(99, '786NKA', 'COM', 'PMS', NULL, 900.00, '2025-03-16 00:00:00'),
(100, '908NHE', 'COM', 'PMS', NULL, 900.00, '2025-03-16 00:00:00'),
(101, '963NHG', 'COM', 'PMS', NULL, 900.00, '2025-03-16 00:00:00'),
(102, 'H003', 'COM', 'PMS', NULL, 900.00, '2025-03-16 00:00:00'),
(103, 'PAORE3210J0094240', 'COM', 'PMS', NULL, 900.00, '2025-03-16 00:00:00'),
(104, '908NHE', 'COM', 'REP', NULL, 600.00, '2025-03-20 00:00:00'),
(105, '641NIG', 'COM', 'REP', NULL, 600.00, '2025-03-20 00:00:00'),
(106, 'PAORE3210H0037012', 'COM', 'REP', NULL, 600.00, '2025-03-20 00:00:00'),
(107, '683NKA', 'COM', 'REP', NULL, 600.00, '2025-03-20 00:00:00'),
(108, '569NIG', 'COM', 'REP', NULL, 800.00, '2025-03-20 00:00:00'),
(109, 'PAORE3210H0037669', 'COM', 'REP', NULL, 950.00, '2025-03-23 00:00:00'),
(110, '908NHE', 'COM', 'REP', NULL, 700.00, '2025-03-23 00:00:00'),
(111, '598NIG', 'COM', 'REP', NULL, 1600.00, '2025-03-23 00:00:00'),
(112, '568NIG', 'COM', 'REP', NULL, 1550.00, '2025-03-23 00:00:00'),
(113, 'NG64338', 'COM', 'REP', NULL, 150.00, '2025-03-23 00:00:00'),
(114, 'NG64339', 'COM', 'REP', NULL, 0.00, '2025-03-23 00:00:00'),
(115, 'NG64340', 'COM', 'REP', NULL, 300.00, '2025-03-23 00:00:00'),
(116, 'NG64341', 'COM', 'REP', NULL, 0.00, '2025-03-23 00:00:00'),
(117, 'NG64342', 'COM', 'REP', NULL, 0.00, '2025-03-23 00:00:00'),
(118, 'NG64343', 'COM', 'REP', NULL, 900.00, '2025-03-23 00:00:00'),
(119, '599NIG', 'COM', 'REP', NULL, 850.00, '2025-03-23 00:00:00'),
(120, '569NIG', 'COM', 'REP', NULL, 650.00, '2025-03-27 00:00:00'),
(121, 'PAORE3210H0037675', 'COM', 'REP', NULL, 900.00, '2025-03-27 00:00:00'),
(122, 'PAORE3210H0037676', 'COM', 'REP', NULL, 0.00, '2025-03-27 00:00:00'),
(123, 'PAORE3210H0037677', 'COM', 'REP', NULL, 0.00, '2025-03-27 00:00:00'),
(124, 'PAORE3210H0037678', 'COM', 'REP', NULL, 150.00, '2025-03-27 00:00:00'),
(125, 'PAORE3210H0037679', 'COM', 'REP', NULL, 0.00, '2025-03-27 00:00:00'),
(126, '528NIG', 'COM', 'REP', NULL, 750.00, '2025-03-27 00:00:00'),
(127, '902NHE', 'COM', 'REP', NULL, 1750.00, '2025-03-27 00:00:00'),
(128, '570NIG', 'COM', 'REP', NULL, 1300.00, '2025-03-27 00:00:00'),
(129, '963NHG', 'COM', 'REP', NULL, 500.00, '2025-03-27 00:00:00'),
(130, '625NIG', 'COM', 'REP', NULL, 1050.00, '2025-03-27 00:00:00'),
(131, '594NIG', 'COM', 'REP', NULL, 1900.00, '2025-03-27 00:00:00'),
(132, '578NIG', 'COM', 'REP', NULL, 3290.00, '2025-03-28 00:00:00'),
(133, '566NIG', 'COM', 'REP', NULL, 2490.00, '2025-03-28 00:00:00'),
(134, '958NHG', 'COM', 'REP', NULL, 3800.00, '2025-03-28 00:00:00'),
(135, '1303-0709413', 'COM', 'REP', NULL, 5350.00, '2025-03-28 00:00:00'),
(136, '1303-0556757', 'COM', 'REP', NULL, 4530.00, '2025-03-28 00:00:00'),
(137, '954NHG', 'COM', 'REP', NULL, 2850.00, '2025-03-28 00:00:00'),
(138, '958NHG', 'COM', 'PMS', NULL, 900.00, '2025-03-28 00:00:00'),
(139, '786NKA', 'COM', 'REP', NULL, 1200.00, '2025-04-06 00:00:00'),
(140, 'PAORE3210J0095301', 'COM', 'REP', NULL, 1200.00, '2025-04-06 00:00:00'),
(141, 'PAORE3210J0095256', 'COM', 'REP', NULL, 1350.00, '2025-04-06 00:00:00'),
(142, 'PAORE3210J0095239', 'COM', 'REP', NULL, 1200.00, '2025-04-06 00:00:00'),
(143, 'PAORE3210H0037326', 'COM', 'REP', NULL, 1350.00, '2025-04-06 00:00:00'),
(144, '566NIG', 'COM', 'REP', NULL, 1500.00, '2025-04-06 00:00:00'),
(145, '612NIG', 'COM', 'REP', NULL, 1750.00, '2025-04-06 00:00:00'),
(146, '955NHG', 'COM', 'REP', NULL, 1600.00, '2025-04-06 00:00:00'),
(147, '591NIG', 'COM', 'REP', NULL, 1800.00, '2025-04-06 00:00:00'),
(148, '939NHE', 'COM', 'REP', NULL, 1600.00, '2025-04-06 00:00:00'),
(149, '958NHG', 'COM', 'REP', NULL, 1050.00, '2025-04-06 00:00:00'),
(150, '643NIG', 'COM', 'REP', NULL, 1350.00, '2025-04-06 00:00:00'),
(151, '954NIG', 'COM', 'REP', NULL, 1350.00, '2025-04-06 00:00:00'),
(152, '653NIG', 'COM', 'REP', NULL, 1350.00, '2025-04-06 00:00:00'),
(153, '584NIG', 'COM', 'REP', NULL, 1500.00, '2025-04-06 00:00:00'),
(154, '595NIG', 'COM', 'REP', NULL, 1500.00, '2025-04-06 00:00:00'),
(155, '956NHG', 'COM', 'REP', NULL, 1800.00, '2025-04-06 00:00:00'),
(156, '680NKA', 'COM', 'REP', NULL, 1350.00, '2025-04-06 00:00:00'),
(157, 'PAORE3210H0037830', 'COM', 'REP', NULL, 1450.00, '2025-04-06 00:00:00'),
(158, '566NIG', 'COM', 'PMS', NULL, 900.00, '2025-04-06 00:00:00'),
(159, '584NIG', 'COM', 'PMS', NULL, 900.00, '2025-04-06 00:00:00'),
(160, '591NIG', 'COM', 'PMS', NULL, 900.00, '2025-04-06 00:00:00'),
(161, '595NIG', 'COM', 'PMS', NULL, 900.00, '2025-04-06 00:00:00'),
(162, '612NIG', 'COM', 'PMS', NULL, 900.00, '2025-04-06 00:00:00'),
(163, '643NIG', 'COM', 'PMS', NULL, 900.00, '2025-04-06 00:00:00'),
(164, '653NIG', 'COM', 'PMS', NULL, 900.00, '2025-04-06 00:00:00'),
(165, '680NKA', 'COM', 'PMS', NULL, 900.00, '2025-04-06 00:00:00'),
(166, '786NKA', 'COM', 'PMS', NULL, 900.00, '2025-04-06 00:00:00'),
(167, '939NHE', 'COM', 'PMS', NULL, 900.00, '2025-04-06 00:00:00'),
(168, '954NIG', 'COM', 'PMS', NULL, 900.00, '2025-04-06 00:00:00'),
(169, '955NHG', 'COM', 'PMS', NULL, 900.00, '2025-04-06 00:00:00'),
(170, '956NHG', 'COM', 'PMS', NULL, 900.00, '2025-04-06 00:00:00'),
(171, '958NHG', 'COM', 'PMS', NULL, 900.00, '2025-04-06 00:00:00'),
(172, 'PAORE3210H0037326', 'COM', 'PMS', NULL, 900.00, '2025-04-06 00:00:00'),
(173, 'PAORE3210H0037830', 'COM', 'PMS', NULL, 900.00, '2025-04-06 00:00:00'),
(174, 'PAORE3210J0095239', 'COM', 'PMS', NULL, 900.00, '2025-04-06 00:00:00'),
(175, 'PAORE3210J0095256', 'COM', 'PMS', NULL, 900.00, '2025-04-06 00:00:00'),
(176, 'PAORE3210J0095301', 'COM', 'PMS', NULL, 900.00, '2025-04-06 00:00:00'),
(177, '963NHG', 'COM', 'REP', NULL, 200.00, '2025-04-09 00:00:00'),
(178, '641NIG', 'COM', 'REP', NULL, 600.00, '2025-04-09 00:00:00'),
(179, '569NIG', 'COM', 'REP', NULL, 600.00, '2025-04-09 00:00:00'),
(180, '954NHG', 'COM', 'REP', NULL, 1570.00, '2025-04-15 00:00:00'),
(181, 'PAORE3210H0037326', 'COM', 'REP', NULL, 1100.00, '2025-04-15 00:00:00'),
(182, '614NIG', 'COM', 'REP', NULL, 3550.00, '2025-04-15 00:00:00'),
(183, 'PAORE3210H0037842', 'COM', 'REP', NULL, 2700.00, '2025-04-15 00:00:00'),
(184, '643NIG', 'COM', 'REP', NULL, 3270.00, '2025-04-15 00:00:00'),
(185, '959NHG', 'COM', 'REP', NULL, 4050.00, '2025-04-15 00:00:00'),
(186, '582NIG', 'COM', 'REP', NULL, 5320.00, '2025-04-15 00:00:00'),
(187, '580NIG', 'COM', 'REP', NULL, 2250.00, '2025-04-15 00:00:00'),
(188, '906NHE', 'COM', 'REP', NULL, 4500.00, '2025-04-15 00:00:00'),
(189, 'PAORE3210H0038702', 'COM', 'REP', NULL, 4500.00, '2025-04-15 00:00:00'),
(190, '857NHE', 'COM', 'REP', NULL, 3900.00, '2025-04-15 00:00:00'),
(191, '951NHE', 'COM', 'REP', NULL, 3700.00, '2025-04-15 00:00:00'),
(192, '369NKA', 'COM', 'REP', NULL, 3600.00, '2025-04-15 00:00:00'),
(193, '712NKA', 'COM', 'REP', NULL, 4200.00, '2025-04-15 00:00:00'),
(194, '350NIG', 'COM', 'REP', NULL, 3700.00, '2025-04-22 00:00:00'),
(195, '815NHG', 'COM', 'REP', NULL, 3600.00, '2025-04-22 00:00:00'),
(196, '541NIG', 'COM', 'REP', NULL, 4500.00, '2025-04-22 00:00:00'),
(197, '451NIG', 'COM', 'REP', NULL, 4300.00, '2025-04-22 00:00:00'),
(198, '368NIG', 'COM', 'REP', NULL, 4500.00, '2025-04-22 00:00:00'),
(199, 'PAORE3210H0038073', 'COM', 'REP', NULL, 3600.00, '2025-04-22 00:00:00'),
(200, '599NIG', 'COM', 'PMS', NULL, 900.00, '2025-04-24 00:00:00'),
(201, '594NIG', 'COM', 'PMS', NULL, 900.00, '2025-04-25 00:00:00'),
(202, '598NIG', 'COM', 'PMS', NULL, 900.00, '2025-04-26 00:00:00'),
(203, '902NHE', 'COM', 'PMS', NULL, 900.00, '2025-04-27 00:00:00'),
(204, '586NIG', 'COM', 'PMS', NULL, 900.00, '2025-04-28 00:00:00'),
(205, '908NHE', 'COM', 'PMS', NULL, 900.00, '2025-04-29 00:00:00'),
(206, 'PAORE3210H0037012', 'COM', 'PMS', NULL, 900.00, '2025-04-30 00:00:00'),
(207, '568NIG', 'COM', 'PMS', NULL, 900.00, '2025-05-01 00:00:00'),
(208, '683NKA', 'COM', 'PMS', NULL, 900.00, '2025-05-02 00:00:00'),
(209, '582NIG', 'COM', 'REP', NULL, 1800.00, '2025-05-03 00:00:00'),
(210, '939NHE', 'COM', 'REP', NULL, 1100.00, '2025-05-03 00:00:00'),
(211, '653NIG', 'COM', 'REP', NULL, 900.00, '2025-05-03 00:00:00'),
(212, '959NHG', 'COM', 'REP', NULL, 700.00, '2025-05-03 00:00:00'),
(213, '786NIG', 'COM', 'REP', NULL, 1600.00, '2025-05-03 00:00:00'),
(214, '643NIG', 'COM', 'REP', NULL, 100.00, '2025-05-03 00:00:00'),
(215, 'PAORE3210H0037326', 'COM', 'REP', NULL, 150.00, '2025-05-03 00:00:00'),
(216, '680NKA', 'COM', 'REP', NULL, 150.00, '2025-05-03 00:00:00'),
(217, '601NIG', 'COM', 'REP', NULL, 2100.00, '2025-05-03 00:00:00'),
(218, '578NIG', 'COM', 'REP', NULL, 1500.00, '2025-05-03 00:00:00'),
(219, '956NIG', 'COM', 'REP', NULL, 450.00, '2025-05-03 00:00:00'),
(220, '612NIG', 'COM', 'REP', NULL, 1500.00, '2025-05-03 00:00:00'),
(221, 'PAORE3210H0037842', 'COM', 'REP', NULL, 200.00, '2025-05-03 00:00:00'),
(222, '570NIG', 'COM', 'PMS', NULL, 900.00, '2025-05-03 00:00:00'),
(223, '582NIG', 'COM', 'PMS', NULL, 900.00, '2025-05-03 00:00:00'),
(224, '584NIG', 'COM', 'PMS', NULL, 900.00, '2025-05-03 00:00:00'),
(225, '591NIG', 'COM', 'PMS', NULL, 900.00, '2025-05-03 00:00:00'),
(226, '612NIG', 'COM', 'PMS', NULL, 900.00, '2025-05-03 00:00:00'),
(227, '643NIG', 'COM', 'PMS', NULL, 900.00, '2025-05-03 00:00:00'),
(228, '645NIG', 'COM', 'PMS', NULL, 900.00, '2025-05-03 00:00:00'),
(229, '653NIG', 'COM', 'PMS', NULL, 900.00, '2025-05-03 00:00:00'),
(230, '680NKA', 'COM', 'PMS', NULL, 900.00, '2025-05-03 00:00:00'),
(231, '786NKA', 'COM', 'PMS', NULL, 900.00, '2025-05-03 00:00:00'),
(232, '939NHE', 'COM', 'PMS', NULL, 900.00, '2025-05-03 00:00:00'),
(233, '954NHG', 'COM', 'PMS', NULL, 900.00, '2025-05-03 00:00:00'),
(234, '956NHG', 'COM', 'PMS', NULL, 900.00, '2025-05-03 00:00:00'),
(235, '959NHG', 'COM', 'PMS', NULL, 900.00, '2025-05-03 00:00:00'),
(236, 'PAORE3210H0037326', 'COM', 'PMS', NULL, 900.00, '2025-05-03 00:00:00'),
(237, 'PAORE3210H0037842', 'COM', 'PMS', NULL, 900.00, '2025-05-03 00:00:00'),
(238, 'PAORE3210J0095222', 'COM', 'PMS', NULL, 900.00, '2025-05-03 00:00:00'),
(239, 'PAORE3210J0095239', 'COM', 'PMS', NULL, 900.00, '2025-05-03 00:00:00'),
(240, 'PAORE3210J0095288', 'COM', 'PMS', NULL, 900.00, '2025-05-03 00:00:00'),
(241, 'PAORE3210J0095292', 'COM', 'PMS', NULL, 900.00, '2025-05-03 00:00:00'),
(242, 'PAORE3210J0095301', 'COM', 'PMS', NULL, 900.00, '2025-05-03 00:00:00'),
(243, '625NIG', 'COM', 'PMS', NULL, 900.00, '2025-05-04 00:00:00'),
(244, 'PAORE3210H0037675', 'COM', 'PMS', NULL, 900.00, '2025-05-05 00:00:00'),
(245, '528NIG', 'COM', 'PMS', NULL, 900.00, '2025-05-06 00:00:00'),
(246, '598NIG', 'COM', 'REP', NULL, 400.00, '2025-05-16 00:00:00'),
(247, '594NIG', 'COM', 'REP', NULL, 550.00, '2025-05-16 00:00:00'),
(248, '765NHG', 'COM', 'REP', NULL, 1050.00, '2025-05-16 00:00:00'),
(249, '963NHG', 'COM', 'REP', NULL, 1250.00, '2025-05-16 00:00:00'),
(250, '570NIG', 'COM', 'REP', NULL, 1100.00, '2025-05-16 00:00:00'),
(251, '908NHE', 'COM', 'REP', NULL, 650.00, '2025-05-16 00:00:00'),
(252, 'PAORE3210H0037675', 'COM', 'REP', NULL, 0.00, '2025-05-16 00:00:00'),
(253, 'PAORE3210H0037676', 'COM', 'REP', NULL, 0.00, '2025-05-16 00:00:00'),
(254, 'PAORE3210H0037677', 'COM', 'REP', NULL, 150.00, '2025-05-16 00:00:00'),
(255, 'PAORE3210H0037678', 'COM', 'REP', NULL, 150.00, '2025-05-16 00:00:00'),
(256, 'PAORE3210H0037679', 'COM', 'REP', NULL, 150.00, '2025-05-16 00:00:00'),
(257, '569NIG', 'COM', 'REP', NULL, 1650.00, '2025-05-16 00:00:00'),
(258, '902NHE', 'COM', 'REP', NULL, 600.00, '2025-05-16 00:00:00'),
(259, 'PAORE3210H0037669', 'COM', 'REP', NULL, 1150.00, '2025-05-16 00:00:00'),
(260, '566NIG', 'COM', 'REP', NULL, 700.00, '2025-05-17 00:00:00'),
(261, 'PAORE3210H0037830', 'COM', 'REP', NULL, 750.00, '2025-05-17 00:00:00'),
(262, '956NHG', 'COM', 'REP', NULL, 1500.00, '2025-05-17 00:00:00'),
(263, '655NIG', 'COM', 'REP', NULL, 1100.00, '2025-05-17 00:00:00'),
(264, '786NKA', 'COM', 'REP', NULL, 1150.00, '2025-05-17 00:00:00'),
(265, '618NIG', 'COM', 'REP', NULL, 1350.00, '2025-05-17 00:00:00'),
(266, '591NIG', 'COM', 'REP', NULL, 950.00, '2025-05-17 00:00:00'),
(267, '584NIG', 'COM', 'REP', NULL, 850.00, '2025-05-17 00:00:00'),
(268, '959NHG', 'COM', 'REP', NULL, 300.00, '2025-05-17 00:00:00'),
(269, '580NIG', 'COM', 'REP', NULL, 550.00, '2025-05-17 00:00:00'),
(270, '645NIG', 'COM', 'REP', NULL, 500.00, '2025-05-17 00:00:00'),
(271, 'PAORE3210J0095288', 'COM', 'REP', NULL, 550.00, '2025-05-17 00:00:00'),
(272, 'PAORE3210J0095292', 'COM', 'REP', NULL, 0.00, '2025-05-17 00:00:00'),
(273, '618NIG', 'COM', 'PMS', NULL, 900.00, '2025-05-17 00:00:00'),
(274, 'PAORE3210H0037842', 'COM', 'REP', NULL, 300.00, '2025-06-01 00:00:00'),
(275, '645NIG', 'COM', 'REP', NULL, 150.00, '2025-06-01 00:00:00'),
(276, 'PAORE3210H0037326', 'COM', 'REP', NULL, 300.00, '2025-06-01 00:00:00'),
(277, '582NIG', 'COM', 'REP', NULL, 150.00, '2025-06-01 00:00:00'),
(278, '618NIG', 'COM', 'REP', NULL, 700.00, '2025-06-01 00:00:00'),
(279, '5794', 'COM', 'REP', NULL, 700.00, '2025-06-01 00:00:00'),
(280, '578NIG', 'COM', 'REP', NULL, 700.00, '2025-06-01 00:00:00'),
(281, '566NIG', 'COM', 'PMS', NULL, 900.00, '2025-06-01 00:00:00'),
(282, '578NIG', 'COM', 'PMS', NULL, 900.00, '2025-06-01 00:00:00'),
(283, '5794', 'COM', 'PMS', NULL, 900.00, '2025-06-01 00:00:00'),
(284, '580NIG', 'COM', 'PMS', NULL, 900.00, '2025-06-01 00:00:00'),
(285, '582NIG', 'COM', 'PMS', NULL, 900.00, '2025-06-01 00:00:00'),
(286, '584NIG', 'COM', 'PMS', NULL, 900.00, '2025-06-01 00:00:00'),
(287, '591NIG', 'COM', 'PMS', NULL, 900.00, '2025-06-01 00:00:00'),
(288, '595NIG', 'COM', 'PMS', NULL, 900.00, '2025-06-01 00:00:00'),
(289, '601NIG', 'COM', 'PMS', NULL, 900.00, '2025-06-01 00:00:00'),
(290, '612NIG', 'COM', 'PMS', NULL, 900.00, '2025-06-01 00:00:00'),
(291, '614NIG', 'COM', 'PMS', NULL, 900.00, '2025-06-01 00:00:00'),
(292, '618NIG', 'COM', 'PMS', NULL, 900.00, '2025-06-01 00:00:00'),
(293, '643NIG', 'COM', 'PMS', NULL, 900.00, '2025-06-01 00:00:00'),
(294, '645NIG', 'COM', 'PMS', NULL, 900.00, '2025-06-01 00:00:00'),
(295, '653NIG', 'COM', 'PMS', NULL, 900.00, '2025-06-01 00:00:00'),
(296, '655NIG', 'COM', 'PMS', NULL, 900.00, '2025-06-01 00:00:00'),
(297, '680NKA', 'COM', 'PMS', NULL, 900.00, '2025-06-01 00:00:00'),
(298, '786NKA', 'COM', 'PMS', NULL, 900.00, '2025-06-01 00:00:00'),
(299, '939NHE', 'COM', 'PMS', NULL, 900.00, '2025-06-01 00:00:00'),
(300, '954NHG', 'COM', 'PMS', NULL, 900.00, '2025-06-01 00:00:00'),
(301, '956NHG', 'COM', 'PMS', NULL, 900.00, '2025-06-01 00:00:00'),
(302, '959NHG', 'COM', 'PMS', NULL, 900.00, '2025-06-01 00:00:00'),
(303, 'PAORE3210H0037326', 'COM', 'PMS', NULL, 900.00, '2025-06-01 00:00:00'),
(304, 'PAORE3210H0037830', 'COM', 'PMS', NULL, 900.00, '2025-06-01 00:00:00'),
(305, 'PAORE3210H0037842', 'COM', 'PMS', NULL, 900.00, '2025-06-01 00:00:00'),
(306, 'PAORE3210J0095222', 'COM', 'PMS', NULL, 900.00, '2025-06-01 00:00:00'),
(307, 'PAORE3210J0095301', 'COM', 'PMS', NULL, 900.00, '2025-06-01 00:00:00'),
(308, '528NIG', 'COM', 'PMS', NULL, 900.00, '2025-06-06 00:00:00'),
(309, '568NIG', 'COM', 'PMS', NULL, 900.00, '2025-06-06 00:00:00'),
(310, '569NIG', 'COM', 'PMS', NULL, 900.00, '2025-06-06 00:00:00'),
(311, '570NIG', 'COM', 'PMS', NULL, 900.00, '2025-06-06 00:00:00'),
(312, '586NIG', 'COM', 'PMS', NULL, 900.00, '2025-06-06 00:00:00'),
(313, '594NIG', 'COM', 'PMS', NULL, 900.00, '2025-06-06 00:00:00'),
(314, '598NIG', 'COM', 'PMS', NULL, 900.00, '2025-06-06 00:00:00'),
(315, '599NIG', 'COM', 'PMS', NULL, 900.00, '2025-06-06 00:00:00'),
(316, '625NIG', 'COM', 'PMS', NULL, 900.00, '2025-06-06 00:00:00'),
(317, '683NKA', 'COM', 'PMS', NULL, 900.00, '2025-06-06 00:00:00'),
(318, '902NHE', 'COM', 'PMS', NULL, 900.00, '2025-06-06 00:00:00'),
(319, '908NHE', 'COM', 'PMS', NULL, 900.00, '2025-06-06 00:00:00'),
(320, '963NHG', 'COM', 'PMS', NULL, 900.00, '2025-06-06 00:00:00'),
(321, 'PAORE3210H0037012', 'COM', 'PMS', NULL, 900.00, '2025-06-06 00:00:00'),
(322, 'PAORE3210J0094240', 'COM', 'PMS', NULL, 900.00, '2025-06-06 00:00:00'),
(323, '641NIG', 'COM', 'REP', NULL, 1750.00, '2025-06-12 00:00:00'),
(324, '598NIG', 'COM', 'REP', NULL, 950.00, '2025-06-12 00:00:00'),
(325, 'PAORE3210H0037669', 'COM', 'REP', NULL, 1450.00, '2025-06-12 00:00:00'),
(326, '625NIG', 'COM', 'REP', NULL, 700.00, '2025-06-12 00:00:00'),
(327, '594NIG', 'COM', 'REP', NULL, 900.00, '2025-06-12 00:00:00'),
(328, '568NIG', 'COM', 'REP', NULL, 600.00, '2025-06-12 00:00:00'),
(329, 'PAORE3210H0037675', 'COM', 'REP', NULL, 1450.00, '2025-06-12 00:00:00'),
(330, '963NIG', 'COM', 'REP', NULL, 600.00, '2025-06-12 00:00:00'),
(331, '586NIG', 'COM', 'REP', NULL, 300.00, '2025-06-12 00:00:00'),
(332, '570NIG', 'COM', 'REP', NULL, 1500.00, '2025-06-12 00:00:00'),
(333, '683NKA', 'COM', 'REP', NULL, 300.00, '2025-06-12 00:00:00'),
(334, '569NIG', 'COM', 'REP', NULL, 2100.00, '2025-06-12 00:00:00'),
(335, '568NIG', 'COM', 'REP', NULL, 1800.00, '2025-06-12 00:00:00'),
(336, 'PAORE3210H0037775', 'COM', 'REP', NULL, 700.00, '2025-06-12 00:00:00'),
(337, '902NHE', 'COM', 'REP', NULL, 200.00, '2025-06-12 00:00:00'),
(338, '569NIG', 'COM', 'REP', NULL, 800.00, '2025-06-12 00:00:00'),
(339, 'PAORE3210H0035278', 'COM', 'REP', NULL, 1750.00, '2025-06-12 00:00:00'),
(340, '598NIG', 'COM', 'REP', NULL, 1200.00, '2025-06-12 00:00:00'),
(341, '641NIG', 'COM', 'REP', NULL, 1100.00, '2025-06-12 00:00:00'),
(342, 'PAORE3210H0038702', 'COM', 'REP', NULL, 4500.00, '2025-06-18 00:00:00'),
(343, '920NHE', 'COM', 'REP', NULL, 4500.00, '2025-06-18 00:00:00'),
(344, '857NHE', 'COM', 'REP', NULL, 3900.00, '2025-06-18 00:00:00'),
(345, '951NHE', 'COM', 'REP', NULL, 3700.00, '2025-06-18 00:00:00'),
(346, '369NKA', 'COM', 'REP', NULL, 3600.00, '2025-06-18 00:00:00'),
(347, 'PAORE3210J0093196', 'COM', 'REP', NULL, 4200.00, '2025-06-18 00:00:00'),
(348, '614NIG', 'COM', 'REP', NULL, 2100.00, '2025-06-22 00:00:00'),
(349, '959NHG', 'COM', 'REP', NULL, 300.00, '2025-06-22 00:00:00'),
(350, '955NHG', 'COM', 'REP', NULL, 750.00, '2025-06-22 00:00:00'),
(351, '643NIG', 'COM', 'REP', NULL, 750.00, '2025-06-22 00:00:00'),
(352, '584NIG', 'COM', 'REP', NULL, 700.00, '2025-06-22 00:00:00'),
(353, '601NIG', 'COM', 'REP', NULL, 1650.00, '2025-06-22 00:00:00'),
(354, '645NIG', 'COM', 'REP', NULL, 1200.00, '2025-06-22 00:00:00'),
(355, '618NIG', 'COM', 'REP', NULL, 600.00, '2025-06-22 00:00:00'),
(356, '680NKA', 'COM', 'REP', NULL, 300.00, '2025-06-22 00:00:00'),
(357, '595NIG', 'COM', 'REP', NULL, 900.00, '2025-06-22 00:00:00'),
(358, '582NIG', 'COM', 'REP', NULL, 1800.00, '2025-06-22 00:00:00'),
(359, '786NKA', 'COM', 'REP', NULL, 900.00, '2025-06-22 00:00:00'),
(360, '580NIG', 'COM', 'REP', NULL, 1650.00, '2025-06-22 00:00:00'),
(361, '939NHE', 'COM', 'REP', NULL, 1750.00, '2025-06-28 00:00:00'),
(362, '956NHG', 'COM', 'REP', NULL, 1500.00, '2025-06-28 00:00:00'),
(363, '645NIG', 'COM', 'REP', NULL, 450.00, '2025-06-28 00:00:00'),
(364, '786NKA', 'COM', 'REP', NULL, 600.00, '2025-06-28 00:00:00'),
(365, '566NIG', 'COM', 'REP', NULL, 700.00, '2025-06-28 00:00:00'),
(366, '601NIG', 'COM', 'REP', NULL, 450.00, '2025-06-28 00:00:00'),
(367, '655NIG', 'COM', 'REP', NULL, 1050.00, '2025-06-28 00:00:00'),
(368, '638NIG', 'COM', 'REP', NULL, 600.00, '2025-06-28 00:00:00'),
(369, '954NHG', 'COM', 'REP', NULL, 150.00, '2025-06-28 00:00:00'),
(370, '578NIG', 'COM', 'REP', NULL, 1000.00, '2025-06-28 00:00:00'),
(371, '959NHG', 'COM', 'REP', NULL, 550.00, '2025-06-28 00:00:00'),
(372, '591NIG', 'COM', 'REP', NULL, 550.00, '2025-07-06 00:00:00'),
(373, '786NKA', 'COM', 'REP', NULL, 1300.00, '2025-07-06 00:00:00'),
(374, 'PAORE3210J0095256', 'COM', 'REP', NULL, 600.00, '2025-07-06 00:00:00'),
(375, '584NIG', 'COM', 'REP', NULL, 600.00, '2025-07-06 00:00:00'),
(376, '643NIG', 'COM', 'REP', NULL, 1200.00, '2025-07-06 00:00:00'),
(377, '618NIG', 'COM', 'REP', NULL, 1200.00, '2025-07-06 00:00:00'),
(378, 'PAORE3210H0037326', 'COM', 'REP', NULL, 750.00, '2025-07-06 00:00:00'),
(379, '7328', 'COM', 'REP', NULL, 300.00, '2025-07-06 00:00:00'),
(380, 'PAORE3210H0037842', 'COM', 'REP', NULL, 1500.00, '2025-07-06 00:00:00'),
(381, '954NIG', 'COM', 'REP', NULL, 700.00, '2025-07-06 00:00:00'),
(382, '645NIG', 'COM', 'REP', NULL, 600.00, '2025-07-06 00:00:00'),
(383, '939NHE', 'COM', 'REP', NULL, 450.00, '2025-07-06 00:00:00'),
(384, '566NIG', 'COM', 'REP', NULL, 450.00, '2025-07-06 00:00:00'),
(385, '612NIG', 'COM', 'REP', NULL, 450.00, '2025-07-06 00:00:00'),
(386, '566NIG', 'COM', 'PMS', NULL, 900.00, '2025-07-07 00:00:00'),
(387, '578NIG', 'COM', 'PMS', NULL, 900.00, '2025-07-07 00:00:00'),
(388, '582NIG', 'COM', 'PMS', NULL, 900.00, '2025-07-07 00:00:00'),
(389, '584NIG', 'COM', 'PMS', NULL, 900.00, '2025-07-07 00:00:00'),
(390, '591NIG', 'COM', 'PMS', NULL, 900.00, '2025-07-07 00:00:00'),
(391, '595NIG', 'COM', 'PMS', NULL, 900.00, '2025-07-07 00:00:00'),
(392, '612NIG', 'COM', 'PMS', NULL, 900.00, '2025-07-07 00:00:00'),
(393, '618NIG', 'COM', 'PMS', NULL, 900.00, '2025-07-07 00:00:00'),
(394, '643NIG', 'COM', 'PMS', NULL, 900.00, '2025-07-07 00:00:00'),
(395, '645NIG', 'COM', 'PMS', NULL, 900.00, '2025-07-07 00:00:00'),
(396, '653NIG', 'COM', 'PMS', NULL, 900.00, '2025-07-07 00:00:00'),
(397, '680NKA', 'COM', 'PMS', NULL, 900.00, '2025-07-07 00:00:00'),
(398, '786NKA', 'COM', 'PMS', NULL, 900.00, '2025-07-07 00:00:00'),
(399, '939NHE', 'COM', 'PMS', NULL, 900.00, '2025-07-07 00:00:00'),
(400, '954NHG', 'COM', 'PMS', NULL, 900.00, '2025-07-07 00:00:00'),
(401, '955NHG', 'COM', 'PMS', NULL, 900.00, '2025-07-07 00:00:00'),
(402, '956NHG', 'COM', 'PMS', NULL, 900.00, '2025-07-07 00:00:00'),
(403, '958NHG', 'COM', 'PMS', NULL, 900.00, '2025-07-07 00:00:00'),
(404, '959NHG', 'COM', 'PMS', NULL, 900.00, '2025-07-07 00:00:00'),
(405, 'PAORE3210H0037326', 'COM', 'PMS', NULL, 900.00, '2025-07-07 00:00:00'),
(406, 'PAORE3210H0037830', 'COM', 'PMS', NULL, 900.00, '2025-07-07 00:00:00'),
(407, 'PAORE3210H0037842', 'COM', 'PMS', NULL, 900.00, '2025-07-07 00:00:00'),
(408, 'PAORE3210J0095256', 'COM', 'PMS', NULL, 900.00, '2025-07-07 00:00:00'),
(409, '528NIG', 'COM', 'PMS', NULL, 900.00, '2025-07-11 00:00:00'),
(410, '569NIG', 'COM', 'PMS', NULL, 900.00, '2025-07-11 00:00:00'),
(411, '570NIG', 'COM', 'PMS', NULL, 900.00, '2025-07-11 00:00:00'),
(412, '586NIG', 'COM', 'PMS', NULL, 900.00, '2025-07-11 00:00:00'),
(413, '594NIG', 'COM', 'PMS', NULL, 900.00, '2025-07-11 00:00:00'),
(414, '599NIG', 'COM', 'PMS', NULL, 900.00, '2025-07-11 00:00:00'),
(415, '625NIG', 'COM', 'PMS', NULL, 900.00, '2025-07-11 00:00:00'),
(416, '641NIG', 'COM', 'PMS', NULL, 900.00, '2025-07-11 00:00:00'),
(417, '683NIG', 'COM', 'PMS', NULL, 900.00, '2025-07-11 00:00:00'),
(418, '902NHE', 'COM', 'PMS', NULL, 900.00, '2025-07-11 00:00:00'),
(419, '908NHE', 'COM', 'PMS', NULL, 900.00, '2025-07-11 00:00:00'),
(420, '963NHG', 'COM', 'PMS', NULL, 900.00, '2025-07-11 00:00:00'),
(421, 'PAORE3210H0037012', 'COM', 'PMS', NULL, 900.00, '2025-07-11 00:00:00'),
(422, 'PAORE3210H0037675', 'COM', 'PMS', NULL, 900.00, '2025-07-11 00:00:00'),
(423, 'PAORE3210H0037775', 'COM', 'PMS', NULL, 900.00, '2025-07-11 00:00:00'),
(424, 'PAORE3210J0094240', 'COM', 'PMS', NULL, 900.00, '2025-07-11 00:00:00'),
(425, 'PAORE3210J0095278', 'COM', 'PMS', NULL, 900.00, '2025-07-11 00:00:00'),
(426, 'PAORE3210H0037669', 'COM', 'PMS', NULL, 900.00, '2025-07-11 00:00:00'),
(427, '570NIG', 'COM', 'REP', NULL, 1750.00, '2025-07-13 00:00:00'),
(428, '586NIG', 'COM', 'REP', NULL, 850.00, '2025-07-13 00:00:00'),
(429, '963NHG', 'COM', 'REP', NULL, 750.00, '2025-07-13 00:00:00'),
(430, 'PAORE3210H0037675', 'COM', 'REP', NULL, 400.00, '2025-07-13 00:00:00'),
(431, '599NIG', 'COM', 'REP', NULL, 2050.00, '2025-07-13 00:00:00'),
(432, '594NIG', 'COM', 'REP', NULL, 1350.00, '2025-07-13 00:00:00'),
(433, '528NIG', 'COM', 'REP', NULL, 2200.00, '2025-07-13 00:00:00'),
(434, '902NHE', 'COM', 'REP', NULL, 600.00, '2025-07-13 00:00:00'),
(435, '614NIG', 'COM', 'REP', NULL, 650.00, '2025-07-13 00:00:00'),
(436, 'PAORE3210H0037669', 'COM', 'REP', NULL, 750.00, '2025-07-13 00:00:00'),
(437, '580NIG', 'COM', 'REP', NULL, 300.00, '2025-08-01 00:00:00'),
(438, '595NIG', 'COM', 'REP', NULL, 3100.00, '2025-08-01 00:00:00'),
(439, '956NIG', 'COM', 'REP', NULL, 2650.00, '2025-08-01 00:00:00'),
(440, '786NKA', 'COM', 'REP', NULL, 450.00, '2025-08-01 00:00:00'),
(441, '939NHE', 'COM', 'REP', NULL, 1500.00, '2025-08-01 00:00:00'),
(442, '578NIG', 'COM', 'REP', NULL, 2200.00, '2025-08-01 00:00:00'),
(443, '655NIG', 'COM', 'REP', NULL, 1350.00, '2025-08-01 00:00:00'),
(444, 'PAORE3210H0037842', 'COM', 'REP', NULL, 450.00, '2025-08-01 00:00:00'),
(445, '601NIG', 'COM', 'REP', NULL, 450.00, '2025-08-01 00:00:00'),
(446, '614NIG', 'COM', 'REP', NULL, 0.00, '2025-08-01 00:00:00'),
(447, 'PAORE3210H0037666', 'COM', 'REP', NULL, 3600.00, '2025-08-02 00:00:00'),
(448, '789NHE', 'COM', 'REP', NULL, 3700.00, '2025-08-02 00:00:00'),
(449, 'PAORE3210J0093244', 'COM', 'REP', NULL, 5100.00, '2025-08-02 00:00:00'),
(450, '977NIF', 'COM', 'REP', NULL, 5400.00, '2025-08-02 00:00:00'),
(451, 'PAORE3210H0037733', 'COM', 'REP', NULL, 5200.00, '2025-08-02 00:00:00'),
(452, '130NIG', 'COM', 'REP', NULL, 5100.00, '2025-08-02 00:00:00'),
(453, '580NIG', 'COM', 'REP', NULL, 600.00, '2025-08-03 00:00:00'),
(454, '645NIG', 'COM', 'REP', NULL, 900.00, '2025-08-03 00:00:00'),
(455, '954NIG', 'COM', 'REP', NULL, 450.00, '2025-08-03 00:00:00'),
(456, '643NIG', 'COM', 'REP', NULL, 700.00, '2025-08-03 00:00:00'),
(457, '786NKA', 'COM', 'REP', NULL, 1900.00, '2025-08-03 00:00:00'),
(458, '955NHG', 'COM', 'REP', NULL, 600.00, '2025-08-03 00:00:00'),
(459, '958NHG', 'COM', 'REP', NULL, 1700.00, '2025-08-03 00:00:00'),
(460, '680NKA', 'COM', 'REP', NULL, 2100.00, '2025-08-03 00:00:00'),
(461, '591NIG', 'COM', 'REP', NULL, 1200.00, '2025-08-03 00:00:00'),
(462, '653NIG', 'COM', 'REP', NULL, 550.00, '2025-08-03 00:00:00'),
(463, '584NIG', 'COM', 'REP', NULL, 750.00, '2025-08-03 00:00:00'),
(464, '566NIG', 'COM', 'PMS', NULL, 900.00, '2025-08-03 00:00:00'),
(465, '578NIG', 'COM', 'PMS', NULL, 900.00, '2025-08-03 00:00:00'),
(466, '580NIG', 'COM', 'PMS', NULL, 900.00, '2025-08-03 00:00:00'),
(467, '582NIG', 'COM', 'PMS', NULL, 900.00, '2025-08-03 00:00:00'),
(468, '584NIG', 'COM', 'PMS', NULL, 900.00, '2025-08-03 00:00:00'),
(469, '591NIG', 'COM', 'PMS', NULL, 900.00, '2025-08-03 00:00:00'),
(470, '595NIG', 'COM', 'PMS', NULL, 900.00, '2025-08-03 00:00:00'),
(471, '601NIG', 'COM', 'PMS', NULL, 900.00, '2025-08-03 00:00:00'),
(472, '612NIG', 'COM', 'PMS', NULL, 900.00, '2025-08-03 00:00:00'),
(473, '614NIG', 'COM', 'PMS', NULL, 900.00, '2025-08-03 00:00:00'),
(474, '618NIG', 'COM', 'PMS', NULL, 900.00, '2025-08-03 00:00:00'),
(475, '643NIG', 'COM', 'PMS', NULL, 900.00, '2025-08-03 00:00:00'),
(476, '645NIG', 'COM', 'PMS', NULL, 900.00, '2025-08-03 00:00:00'),
(477, '653NIG', 'COM', 'PMS', NULL, 900.00, '2025-08-03 00:00:00'),
(478, '655NIG', 'COM', 'PMS', NULL, 900.00, '2025-08-03 00:00:00'),
(479, '680NKA', 'COM', 'PMS', NULL, 900.00, '2025-08-03 00:00:00'),
(480, '688NIG', 'COM', 'PMS', NULL, 900.00, '2025-08-03 00:00:00'),
(481, '786NKA', 'COM', 'PMS', NULL, 900.00, '2025-08-03 00:00:00'),
(482, '939NHE', 'COM', 'PMS', NULL, 900.00, '2025-08-03 00:00:00'),
(483, '954NHG', 'COM', 'PMS', NULL, 900.00, '2025-08-03 00:00:00'),
(484, '955NHG', 'COM', 'PMS', NULL, 900.00, '2025-08-03 00:00:00'),
(485, '956NHG', 'COM', 'PMS', NULL, 900.00, '2025-08-03 00:00:00'),
(486, '959NHG', 'COM', 'PMS', NULL, 900.00, '2025-08-03 00:00:00'),
(487, '968NHG', 'COM', 'PMS', NULL, 900.00, '2025-08-03 00:00:00'),
(488, 'PAORE3210H0037326', 'COM', 'PMS', NULL, 900.00, '2025-08-03 00:00:00'),
(489, '569NIG', 'COM', 'PMS', NULL, 900.00, '2025-08-08 00:00:00'),
(490, '586NIG', 'COM', 'PMS', NULL, 900.00, '2025-08-08 00:00:00'),
(491, '594NIG', 'COM', 'PMS', NULL, 900.00, '2025-08-08 00:00:00'),
(492, '598NIG', 'COM', 'PMS', NULL, 900.00, '2025-08-08 00:00:00'),
(493, '599NIG', 'COM', 'PMS', NULL, 900.00, '2025-08-08 00:00:00'),
(494, '625NIG', 'COM', 'PMS', NULL, 900.00, '2025-08-08 00:00:00'),
(495, '628NIG', 'COM', 'PMS', NULL, 900.00, '2025-08-08 00:00:00'),
(496, '641NIG', 'COM', 'PMS', NULL, 900.00, '2025-08-08 00:00:00'),
(497, '683NKA', 'COM', 'PMS', NULL, 900.00, '2025-08-08 00:00:00'),
(498, '902NHE', 'COM', 'PMS', NULL, 900.00, '2025-08-08 00:00:00'),
(499, '908NHE', 'COM', 'PMS', NULL, 900.00, '2025-08-08 00:00:00'),
(500, '963NHG', 'COM', 'PMS', NULL, 900.00, '2025-08-08 00:00:00'),
(501, 'KSW00243194', 'COM', 'PMS', NULL, 900.00, '2025-08-08 00:00:00'),
(502, 'PAORE3210H0037012', 'COM', 'PMS', NULL, 900.00, '2025-08-08 00:00:00'),
(503, 'PAORE3210H0037669', 'COM', 'PMS', NULL, 900.00, '2025-08-08 00:00:00'),
(504, 'PAORE3210H0037675', 'COM', 'PMS', NULL, 900.00, '2025-08-08 00:00:00'),
(505, 'PAORE3210J0094240', 'COM', 'PMS', NULL, 900.00, '2025-08-08 00:00:00'),
(506, 'PAORE3210H0037012', 'COM', 'REP', NULL, 2550.00, '2025-08-15 00:00:00'),
(507, '528NIG', 'COM', 'REP', NULL, 250.00, '2025-08-15 00:00:00'),
(508, 'N598IA', 'COM', 'REP', NULL, 2050.00, '2025-08-15 00:00:00'),
(509, '586NIG', 'COM', 'REP', NULL, 100.00, '2025-08-15 00:00:00'),
(510, '954NIG', 'COM', 'REP', NULL, 600.00, '2025-08-15 00:00:00'),
(511, 'PAORE3210H0037775', 'COM', 'REP', NULL, 1950.00, '2025-08-15 00:00:00'),
(512, '655NIG', 'COM', 'REP', NULL, 700.00, '2025-08-27 00:00:00'),
(513, '645NIG', 'COM', 'REP', NULL, 400.00, '2025-08-27 00:00:00'),
(514, '578NIG', 'COM', 'REP', NULL, 1500.00, '2025-08-27 00:00:00'),
(515, '680NKA', 'COM', 'REP', NULL, 850.00, '2025-08-27 00:00:00'),
(516, '618NIG', 'COM', 'REP', NULL, 450.00, '2025-08-27 00:00:00'),
(517, '786NKA', 'COM', 'REP', NULL, 1350.00, '2025-08-27 00:00:00'),
(518, '955NHG', 'COM', 'REP', NULL, 150.00, '2025-08-27 00:00:00'),
(519, '601NIG', 'COM', 'REP', NULL, 1650.00, '2025-08-27 00:00:00'),
(520, '638NIG', 'COM', 'REP', NULL, 700.00, '2025-08-27 00:00:00'),
(521, '653NIG', 'COM', 'REP', NULL, 1650.00, '2025-08-27 00:00:00'),
(522, '958NHG', 'COM', 'REP', NULL, 400.00, '2025-08-27 00:00:00'),
(523, '566NIG', 'COM', 'REP', NULL, 600.00, '2025-08-27 00:00:00'),
(524, '786NKA', 'COM', 'REP', NULL, 150.00, '2025-08-27 00:00:00'),
(525, '956NHG', 'COM', 'REP', NULL, 400.00, '2025-08-27 00:00:00'),
(526, '580NIG', 'COM', 'REP', NULL, 1800.00, '2025-08-27 00:00:00'),
(527, '643NIG', 'COM', 'REP', NULL, 450.00, '2025-08-27 00:00:00'),
(528, '843NIG', 'COM', 'REP', NULL, 150.00, '2025-09-03 00:00:00'),
(529, '680NKA', 'COM', 'REP', NULL, 150.00, '2025-09-03 00:00:00'),
(530, '591NIG', 'COM', 'REP', NULL, 550.00, '2025-09-03 00:00:00'),
(531, '812NIG', 'COM', 'REP', NULL, 400.00, '2025-09-03 00:00:00'),
(532, '954NHG', 'COM', 'REP', NULL, 450.00, '2025-09-03 00:00:00'),
(533, '584NIG', 'COM', 'REP', NULL, 450.00, '2025-09-03 00:00:00'),
(534, '959NHG', 'COM', 'REP', NULL, 850.00, '2025-09-03 00:00:00'),
(535, '786NKA', 'COM', 'REP', NULL, 1650.00, '2025-09-03 00:00:00'),
(536, 'PAORE3210H0037842', 'COM', 'REP', NULL, 850.00, '2025-09-03 00:00:00'),
(537, 'PAORE3210H0037842', 'COM', 'REP', NULL, 300.00, '2025-09-03 00:00:00'),
(538, 'PAORE3210H0037842', 'COM', 'REP', NULL, 300.00, '2025-09-03 00:00:00'),
(539, 'PAORE3210H0037842', 'COM', 'REP', NULL, 0.00, '2025-09-03 00:00:00'),
(540, 'PAORE3210H0037842', 'COM', 'REP', NULL, 0.00, '2025-09-03 00:00:00'),
(541, 'PAORE3210H0037842', 'COM', 'REP', NULL, 0.00, '2025-09-03 00:00:00'),
(542, 'PAORE3210H0037842', 'COM', 'REP', NULL, 0.00, '2025-09-03 00:00:00'),
(543, '566NIG', 'COM', 'REP', NULL, 850.00, '2025-09-03 00:00:00'),
(544, '601NIG', 'COM', 'REP', NULL, 600.00, '2025-09-03 00:00:00'),
(545, '595NIG', 'COM', 'REP', NULL, 400.00, '2025-09-03 00:00:00'),
(546, '1303-0556757', 'COM', 'REP', NULL, 1500.00, '2025-09-03 00:00:00'),
(547, '625NIG', 'COM', 'REP', NULL, 350.00, '2025-09-04 00:00:00'),
(548, '568NIG', 'COM', 'REP', NULL, 700.00, '2025-09-04 00:00:00'),
(549, '908NHE', 'COM', 'REP', NULL, 1200.00, '2025-09-04 00:00:00'),
(550, '586NIG', 'COM', 'REP', NULL, 550.00, '2025-09-04 00:00:00'),
(551, '528NIG', 'COM', 'REP', NULL, 1500.00, '2025-09-04 00:00:00'),
(552, '598NIG', 'COM', 'REP', NULL, 900.00, '2025-09-04 00:00:00'),
(553, '902NHE', 'COM', 'REP', NULL, 550.00, '2025-09-04 00:00:00'),
(554, '566NIG', 'COM', 'PMS', NULL, 900.00, '2025-09-07 00:00:00'),
(555, '578NIG', 'COM', 'PMS', NULL, 900.00, '2025-09-07 00:00:00'),
(556, '580NIG', 'COM', 'PMS', NULL, 900.00, '2025-09-07 00:00:00'),
(557, '582NIG', 'COM', 'PMS', NULL, 900.00, '2025-09-07 00:00:00'),
(558, '584NIG', 'COM', 'PMS', NULL, 900.00, '2025-09-07 00:00:00'),
(559, '591NIG', 'COM', 'PMS', NULL, 900.00, '2025-09-07 00:00:00'),
(560, '595NIG', 'COM', 'PMS', NULL, 900.00, '2025-09-07 00:00:00'),
(561, '601NIG', 'COM', 'PMS', NULL, 900.00, '2025-09-07 00:00:00'),
(562, '612NIG', 'COM', 'PMS', NULL, 900.00, '2025-09-07 00:00:00'),
(563, '614NIG', 'COM', 'PMS', NULL, 900.00, '2025-09-07 00:00:00'),
(564, '618NIG', 'COM', 'PMS', NULL, 900.00, '2025-09-07 00:00:00'),
(565, '643NIG', 'COM', 'PMS', NULL, 900.00, '2025-09-07 00:00:00'),
(566, '645NIG', 'COM', 'PMS', NULL, 900.00, '2025-09-07 00:00:00'),
(567, '653NIG', 'COM', 'PMS', NULL, 900.00, '2025-09-07 00:00:00'),
(568, '655NIG', 'COM', 'PMS', NULL, 900.00, '2025-09-07 00:00:00'),
(569, '680NKA', 'COM', 'PMS', NULL, 900.00, '2025-09-07 00:00:00'),
(570, '688NIG', 'COM', 'PMS', NULL, 900.00, '2025-09-07 00:00:00'),
(571, '786NKA', 'COM', 'PMS', NULL, 900.00, '2025-09-07 00:00:00'),
(572, '939NHE', 'COM', 'PMS', NULL, 900.00, '2025-09-07 00:00:00'),
(573, '954NHG', 'COM', 'PMS', NULL, 900.00, '2025-09-07 00:00:00'),
(574, '955NHG', 'COM', 'PMS', NULL, 900.00, '2025-09-07 00:00:00'),
(575, '956NHG', 'COM', 'PMS', NULL, 900.00, '2025-09-07 00:00:00'),
(576, '959NHG', 'COM', 'PMS', NULL, 900.00, '2025-09-07 00:00:00'),
(577, '968NHG', 'COM', 'PMS', NULL, 900.00, '2025-09-07 00:00:00'),
(578, 'PAORE3210H0037326', 'COM', 'PMS', NULL, 900.00, '2025-09-07 00:00:00'),
(579, '614NIG', 'COM', 'REP', NULL, 2100.00, '2025-09-14 00:00:00'),
(580, '580NIG', 'COM', 'REP', NULL, 600.00, '2025-09-14 00:00:00'),
(581, 'PAORE3210H0037064', 'COM', 'REP', NULL, 4200.00, '2025-09-20 00:00:00'),
(582, 'PAORE3210H0037038', 'COM', 'REP', NULL, 0.00, '2025-09-20 00:00:00'),
(583, 'PAORE3210J0093110', 'COM', 'REP', NULL, 4600.00, '2025-09-20 00:00:00'),
(584, 'PAORE3210H0037745', 'COM', 'REP', NULL, 5200.00, '2025-09-20 00:00:00'),
(585, 'PAORE3210H0038802', 'COM', 'REP', NULL, 5100.00, '2025-09-20 00:00:00'),
(586, 'PAORE3210H0036992', 'COM', 'REP', NULL, 4500.00, '2025-09-20 00:00:00'),
(587, '578NIG', 'COM', 'REP', NULL, 1800.00, '2025-09-25 00:00:00'),
(588, '955NHG', 'COM', 'REP', NULL, 2050.00, '2025-09-25 00:00:00'),
(589, '614NIG', 'COM', 'REP', NULL, 1950.00, '2025-09-25 00:00:00'),
(590, '638NIG', 'COM', 'REP', NULL, 700.00, '2025-09-25 00:00:00'),
(591, '580NIG', 'COM', 'REP', NULL, 1800.00, '2025-09-25 00:00:00'),
(592, '580NIG', 'COM', 'REP', NULL, 150.00, '2025-09-26 00:00:00'),
(593, '643NIG', 'COM', 'REP', NULL, 1800.00, '2025-09-26 00:00:00'),
(594, '595NIG', 'COM', 'REP', NULL, 2500.00, '2025-09-26 00:00:00'),
(595, '601NIG', 'COM', 'REP', NULL, 2150.00, '2025-09-26 00:00:00'),
(596, 'PAORE3210H0037830', 'COM', 'REP', NULL, 1250.00, '2025-09-26 00:00:00'),
(597, 'N568LA', 'COM', 'REP', NULL, 850.00, '2025-09-27 00:00:00'),
(598, '954NHG', 'COM', 'REP', NULL, 300.00, '2025-09-27 00:00:00'),
(599, '680NKA', 'COM', 'REP', NULL, 450.00, '2025-09-27 00:00:00'),
(600, '591NIG', 'COM', 'REP', NULL, 450.00, '2025-09-27 00:00:00'),
(601, '958NHG', 'COM', 'REP', NULL, 400.00, '2025-09-27 00:00:00'),
(602, '786NKA', 'COM', 'REP', NULL, 250.00, '2025-09-27 00:00:00'),
(603, '612NIG', 'COM', 'REP', NULL, 750.00, '2025-09-27 00:00:00'),
(604, '578NIG', 'COM', 'REP', NULL, 700.00, '2025-09-27 00:00:00'),
(605, '584NIG', 'COM', 'REP', NULL, 400.00, '2025-09-27 00:00:00'),
(606, '956NHG', 'COM', 'REP', NULL, 650.00, '2025-09-27 00:00:00'),
(607, '614NIG', 'COM', 'REP', NULL, 700.00, '2025-09-27 00:00:00'),
(608, 'PAORE3210H0037830', 'COM', 'REP', NULL, 250.00, '2025-09-27 00:00:00'),
(609, '908NHE', 'COM', 'REP', NULL, 1250.00, '2025-09-28 00:00:00'),
(610, 'N597LA', 'COM', 'REP', NULL, 850.00, '2025-09-28 00:00:00'),
(611, 'MC 236', 'COM', 'REP', NULL, 1150.00, '2025-09-28 00:00:00'),
(612, '569NIG', 'COM', 'REP', NULL, 2050.00, '2025-09-28 00:00:00'),
(613, '599NIG', 'COM', 'REP', NULL, 900.00, '2025-09-28 00:00:00'),
(614, '756NHG', 'COM', 'REP', NULL, 550.00, '2025-09-28 00:00:00'),
(615, '578NIG', 'COM', 'REP', NULL, 1500.00, '2025-10-11 00:00:00'),
(616, '566NIG', 'COM', 'REP', NULL, 300.00, '2025-10-11 00:00:00'),
(617, '786NKA', 'COM', 'REP', NULL, 300.00, '2025-10-11 00:00:00'),
(618, '566NIG', 'COM', 'PMS', NULL, 900.00, '2025-10-11 00:00:00'),
(619, '578NIG', 'COM', 'PMS', NULL, 900.00, '2025-10-11 00:00:00'),
(620, '580NIG', 'COM', 'PMS', NULL, 900.00, '2025-10-11 00:00:00'),
(621, '582NIG', 'COM', 'PMS', NULL, 900.00, '2025-10-11 00:00:00'),
(622, '584NIG', 'COM', 'PMS', NULL, 900.00, '2025-10-11 00:00:00'),
(623, '591NIG', 'COM', 'PMS', NULL, 900.00, '2025-10-11 00:00:00'),
(624, '595NIG', 'COM', 'PMS', NULL, 900.00, '2025-10-11 00:00:00'),
(625, '601NIG', 'COM', 'PMS', NULL, 900.00, '2025-10-11 00:00:00'),
(626, '612NIG', 'COM', 'PMS', NULL, 900.00, '2025-10-11 00:00:00'),
(627, '614NIG', 'COM', 'PMS', NULL, 900.00, '2025-10-11 00:00:00'),
(628, '638NIG', 'COM', 'PMS', NULL, 900.00, '2025-10-11 00:00:00'),
(629, '643NIG', 'COM', 'PMS', NULL, 900.00, '2025-10-11 00:00:00'),
(630, '645NIG', 'COM', 'PMS', NULL, 900.00, '2025-10-11 00:00:00'),
(631, '653NIG', 'COM', 'PMS', NULL, 900.00, '2025-10-11 00:00:00'),
(632, '655NIG', 'COM', 'PMS', NULL, 900.00, '2025-10-11 00:00:00'),
(633, '680NKA', 'COM', 'PMS', NULL, 900.00, '2025-10-11 00:00:00'),
(634, '786NKA', 'COM', 'PMS', NULL, 900.00, '2025-10-11 00:00:00'),
(635, '939NHE', 'COM', 'PMS', NULL, 900.00, '2025-10-11 00:00:00'),
(636, '954NHG', 'COM', 'PMS', NULL, 900.00, '2025-10-11 00:00:00'),
(637, '955NHG', 'COM', 'PMS', NULL, 900.00, '2025-10-11 00:00:00'),
(638, '958NHG', 'COM', 'PMS', NULL, 900.00, '2025-10-11 00:00:00'),
(639, '959NHG', 'COM', 'PMS', NULL, 900.00, '2025-10-11 00:00:00'),
(640, 'PAORE3210H0037326', 'COM', 'PMS', NULL, 900.00, '2025-10-11 00:00:00'),
(641, 'PAORE3210H0037830', 'COM', 'PMS', NULL, 900.00, '2025-10-11 00:00:00'),
(642, 'PAORE3210H0037842', 'COM', 'PMS', NULL, 900.00, '2025-10-11 00:00:00'),
(643, '568NIG', 'COM', 'PMS', NULL, 900.00, '2025-10-12 00:00:00'),
(644, '569NIG', 'COM', 'PMS', NULL, 900.00, '2025-10-12 00:00:00'),
(645, '570NIG', 'COM', 'PMS', NULL, 900.00, '2025-10-12 00:00:00'),
(646, '586NIG', 'COM', 'PMS', NULL, 900.00, '2025-10-12 00:00:00'),
(647, '594NIG', 'COM', 'PMS', NULL, 900.00, '2025-10-12 00:00:00'),
(648, '598NIG', 'COM', 'PMS', NULL, 900.00, '2025-10-12 00:00:00'),
(649, '599NIG', 'COM', 'PMS', NULL, 900.00, '2025-10-12 00:00:00'),
(650, '625NIG', 'COM', 'PMS', NULL, 900.00, '2025-10-12 00:00:00'),
(651, '683NKA', 'COM', 'PMS', NULL, 900.00, '2025-10-12 00:00:00'),
(652, '857NHE', 'COM', 'PMS', NULL, 900.00, '2025-10-12 00:00:00'),
(653, '902NHE', 'COM', 'PMS', NULL, 900.00, '2025-10-12 00:00:00'),
(654, '963NHG', 'COM', 'PMS', NULL, 900.00, '2025-10-12 00:00:00'),
(655, 'N597LA', 'COM', 'PMS', NULL, 900.00, '2025-10-12 00:00:00'),
(656, 'N598LA', 'COM', 'PMS', NULL, 900.00, '2025-10-12 00:00:00'),
(657, 'PAORE3210H0037012', 'COM', 'PMS', NULL, 900.00, '2025-10-12 00:00:00'),
(658, 'PAORE3210J0094240', 'COM', 'PMS', NULL, 900.00, '2025-10-12 00:00:00'),
(659, 'PAORE3210J0093196', 'COM', 'PMS', NULL, 900.00, '2025-10-12 00:00:00'),
(660, '958NIG', 'COM', 'REP', NULL, 1050.00, '2025-10-15 00:00:00'),
(661, '599NIG', 'COM', 'REP', NULL, 450.00, '2025-10-15 00:00:00'),
(662, '625NIG', 'COM', 'REP', NULL, 550.00, '2025-10-15 00:00:00'),
(663, '570NIG', 'COM', 'REP', NULL, 1900.00, '2025-10-15 00:00:00'),
(664, '569NIG', 'COM', 'REP', NULL, 1950.00, '2025-10-15 00:00:00'),
(665, 'N598LA', 'COM', 'REP', NULL, 1900.00, '2025-10-15 00:00:00'),
(666, '594NIG', 'COM', 'REP', NULL, 1650.00, '2025-10-15 00:00:00'),
(667, '857NHE', 'COM', 'REP', NULL, 750.00, '2025-10-16 00:00:00'),
(668, '594NIG', 'COM', 'REP', NULL, 150.00, '2025-10-16 00:00:00'),
(669, 'PAORE3210H0038702', 'COM', 'REP', NULL, 750.00, '2025-10-16 00:00:00'),
(670, 'N597LA', 'COM', 'REP', NULL, 1300.00, '2025-10-16 00:00:00'),
(671, '599NIG', 'COM', 'REP', NULL, 200.00, '2025-10-16 00:00:00'),
(672, '902NHE', 'COM', 'REP', NULL, 300.00, '2025-10-16 00:00:00'),
(673, '586NIG', 'COM', 'REP', NULL, 450.00, '2025-10-16 00:00:00'),
(674, '680NKA', 'COM', 'REP', NULL, 900.00, '2025-10-25 00:00:00'),
(675, '584NIG', 'COM', 'REP', NULL, 300.00, '2025-10-25 00:00:00'),
(676, '612NIG', 'COM', 'REP', NULL, 2950.00, '2025-10-25 00:00:00'),
(677, '582NIG', 'COM', 'REP', NULL, 1500.00, '2025-10-25 00:00:00'),
(678, '566NIG', 'COM', 'REP', NULL, 1000.00, '2025-10-25 00:00:00'),
(679, 'N578LA', 'COM', 'REP', NULL, 100.00, '2025-11-08 00:00:00'),
(680, '959NHG', 'COM', 'REP', NULL, 700.00, '2025-11-08 00:00:00'),
(681, 'N568LA', 'COM', 'REP', NULL, 400.00, '2025-11-08 00:00:00'),
(682, '578NIG', 'COM', 'PMS', NULL, 900.00, '2025-11-08 00:00:00'),
(683, '582NIG', 'COM', 'PMS', NULL, 900.00, '2025-11-08 00:00:00'),
(684, '584NIG', 'COM', 'PMS', NULL, 900.00, '2025-11-08 00:00:00'),
(685, '591NIG', 'COM', 'PMS', NULL, 900.00, '2025-11-08 00:00:00'),
(686, '595NIG', 'COM', 'PMS', NULL, 900.00, '2025-11-08 00:00:00'),
(687, '601NIG', 'COM', 'PMS', NULL, 900.00, '2025-11-08 00:00:00'),
(688, '612NIG', 'COM', 'PMS', NULL, 900.00, '2025-11-08 00:00:00'),
(689, '614NIG', 'COM', 'PMS', NULL, 900.00, '2025-11-08 00:00:00'),
(690, '618NIG', 'COM', 'PMS', NULL, 900.00, '2025-11-08 00:00:00'),
(691, '638NIG', 'COM', 'PMS', NULL, 900.00, '2025-11-08 00:00:00'),
(692, '643NIG', 'COM', 'PMS', NULL, 900.00, '2025-11-08 00:00:00'),
(693, '645NIG', 'COM', 'PMS', NULL, 900.00, '2025-11-08 00:00:00'),
(694, '653NIG', 'COM', 'PMS', NULL, 900.00, '2025-11-08 00:00:00'),
(695, '680NKA', 'COM', 'PMS', NULL, 900.00, '2025-11-08 00:00:00'),
(696, '786NKA', 'COM', 'PMS', NULL, 900.00, '2025-11-08 00:00:00'),
(697, '939NHE', 'COM', 'PMS', NULL, 900.00, '2025-11-08 00:00:00'),
(698, '954NHG', 'COM', 'PMS', NULL, 900.00, '2025-11-08 00:00:00'),
(699, '955NHG', 'COM', 'PMS', NULL, 900.00, '2025-11-08 00:00:00'),
(700, '959NHG', 'COM', 'PMS', NULL, 900.00, '2025-11-08 00:00:00'),
(701, 'N568LA', 'COM', 'PMS', NULL, 900.00, '2025-11-08 00:00:00'),
(702, 'N578LA', 'COM', 'PMS', NULL, 900.00, '2025-11-08 00:00:00'),
(703, 'PAORE3210H003732', 'COM', 'PMS', NULL, 900.00, '2025-11-08 00:00:00'),
(704, 'PAORE3210J0095239', 'COM', 'PMS', NULL, 900.00, '2025-11-08 00:00:00'),
(705, '568NIG', 'COM', 'PMS', NULL, 900.00, '2025-11-09 00:00:00'),
(706, '569NIG', 'COM', 'PMS', NULL, 900.00, '2025-11-09 00:00:00'),
(707, '570NIG', 'COM', 'PMS', NULL, 900.00, '2025-11-09 00:00:00'),
(708, '586NIG', 'COM', 'PMS', NULL, 900.00, '2025-11-09 00:00:00'),
(709, '594NIG', 'COM', 'PMS', NULL, 900.00, '2025-11-09 00:00:00'),
(710, '598NIG', 'COM', 'PMS', NULL, 900.00, '2025-11-09 00:00:00'),
(711, '599NIG', 'COM', 'PMS', NULL, 900.00, '2025-11-09 00:00:00'),
(712, '625NIG', 'COM', 'PMS', NULL, 900.00, '2025-11-09 00:00:00'),
(713, '683NKA', 'COM', 'PMS', NULL, 900.00, '2025-11-09 00:00:00'),
(714, '902NHE', 'COM', 'PMS', NULL, 900.00, '2025-11-09 00:00:00'),
(715, '963NHG', 'COM', 'PMS', NULL, 900.00, '2025-11-09 00:00:00'),
(716, '965NHG', 'COM', 'PMS', NULL, 900.00, '2025-11-09 00:00:00'),
(717, 'N597LA', 'COM', 'PMS', NULL, 900.00, '2025-11-09 00:00:00'),
(718, 'N598LA', 'COM', 'PMS', NULL, 900.00, '2025-11-09 00:00:00'),
(719, 'PAORE3210H0037012', 'COM', 'PMS', NULL, 900.00, '2025-11-09 00:00:00'),
(720, 'PAORE3210J0093196', 'COM', 'PMS', NULL, 900.00, '2025-11-09 00:00:00'),
(721, 'PAORE3210J0094240', 'COM', 'PMS', NULL, 900.00, '2025-11-09 00:00:00'),
(722, '857NHE', 'COM', 'REP', NULL, 220.00, '2025-11-10 00:00:00'),
(723, 'PAORE3210J0094240', 'COM', 'REP', NULL, 250.00, '2025-11-10 00:00:00'),
(724, '599NIG', 'COM', 'REP', NULL, 400.00, '2025-11-10 00:00:00'),
(725, 'N597LA', 'COM', 'REP', NULL, 100.00, '2025-11-10 00:00:00'),
(726, '902NHE', 'COM', 'REP', NULL, 650.00, '2025-11-10 00:00:00'),
(727, '570NIG', 'COM', 'REP', NULL, 1500.00, '2025-11-10 00:00:00'),
(728, '1301-1028718', 'COM', 'REP', NULL, 300.00, '2025-11-10 00:00:00'),
(729, 'PAORE3210J0095253', 'COM', 'REP', NULL, 5200.00, '2025-11-10 00:00:00'),
(730, 'PAORE3210H0037059', 'COM', 'REP', NULL, 4300.00, '2025-11-10 00:00:00'),
(731, 'PAORE3210J0094234', 'COM', 'REP', NULL, 5400.00, '2025-11-10 00:00:00'),
(732, 'PAORE3210J0095153', 'COM', 'REP', NULL, 5200.00, '2025-11-10 00:00:00');
INSERT INTO `repair_transactions` (`transaction_id`, `plate_no`, `status_id`, `type_id`, `mechanic_id`, `labor_cost`, `date`) VALUES
(733, 'PAORE3210J0093125', 'COM', 'REP', NULL, 4300.00, '2025-11-10 00:00:00'),
(734, 'PAORE3210H0038119', 'COM', 'REP', NULL, 5100.00, '2025-11-10 00:00:00'),
(735, '580NIG', 'COM', 'REP', NULL, 3520.00, '2025-11-18 00:00:00'),
(736, '614NIG', 'COM', 'REP', NULL, 2650.00, '2025-11-18 00:00:00'),
(737, '601NIG', 'COM', 'REP', NULL, 2700.00, '2025-11-18 00:00:00'),
(738, '939NHE', 'COM', 'REP', NULL, 1100.00, '2025-11-18 00:00:00'),
(739, '1303-0709459', 'COM', 'REP', NULL, 2050.00, '2025-11-18 00:00:00'),
(740, '566NIG', 'COM', 'REP', NULL, 1100.00, '2025-11-18 00:00:00'),
(741, '956NHG', 'COM', 'REP', NULL, 2000.00, '2025-11-18 00:00:00'),
(742, '591NIG', 'COM', 'REP', NULL, 470.00, '2025-11-18 00:00:00'),
(743, '958NHG', 'COM', 'REP', NULL, 2100.00, '2025-11-18 00:00:00'),
(744, '7649', 'COM', 'REP', NULL, 5200.00, '2025-11-22 00:00:00'),
(745, '5348', 'COM', 'REP', NULL, 5200.00, '2025-11-22 00:00:00'),
(746, '4238', 'COM', 'REP', NULL, 4100.00, '2025-11-22 00:00:00'),
(747, '3628', 'COM', 'REP', NULL, 5100.00, '2025-11-22 00:00:00'),
(748, '4232', 'COM', 'REP', NULL, 4500.00, '2025-11-22 00:00:00'),
(749, '6988', 'COM', 'REP', NULL, 5800.00, '2025-11-22 00:00:00'),
(750, '643NIG', 'COM', 'REP', NULL, 200.00, '2025-11-23 00:00:00'),
(751, '680NKA', 'COM', 'REP', NULL, 1200.00, '2025-11-23 00:00:00'),
(752, '578NIG', 'COM', 'REP', NULL, 1000.00, '2025-11-23 00:00:00'),
(753, '786NKA', 'COM', 'REP', NULL, 600.00, '2025-11-23 00:00:00'),
(754, '582NIG', 'COM', 'REP', NULL, 300.00, '2025-11-23 00:00:00'),
(755, '954NHG', 'COM', 'REP', NULL, 1150.00, '2025-11-23 00:00:00'),
(756, '908NHE', 'COM', 'REP', NULL, 1800.00, '2025-11-23 00:00:00'),
(757, '598NIG', 'COM', 'REP', NULL, 200.00, '2025-11-23 00:00:00'),
(758, '902NHE', 'COM', 'REP', NULL, 200.00, '2025-11-23 00:00:00'),
(759, '568NIG', 'COM', 'REP', NULL, 400.00, '2025-11-23 00:00:00'),
(760, '902NHE', 'COM', 'REP', NULL, 650.00, '2025-11-23 00:00:00'),
(761, 'N597LA', 'COM', 'REP', NULL, 900.00, '2025-11-23 00:00:00'),
(762, '594NIG', 'COM', 'REP', NULL, 1750.00, '2025-11-23 00:00:00'),
(763, 'N598LA', 'COM', 'REP', NULL, 1500.00, '2025-11-23 00:00:00'),
(764, '963NHG', 'COM', 'REP', NULL, 700.00, '2025-11-23 00:00:00'),
(765, '954NHG', 'COM', 'REP', NULL, 2200.00, '2025-12-01 00:00:00'),
(766, '956NHG', 'COM', 'REP', NULL, 2550.00, '2025-12-01 00:00:00'),
(767, '566NIG', 'COM', 'REP', NULL, 2500.00, '2025-12-01 00:00:00'),
(768, '958NHG', 'COM', 'REP', NULL, 1250.00, '2025-12-01 00:00:00'),
(769, '568NIG', 'COM', 'PMS', NULL, 900.00, '2025-12-06 00:00:00'),
(770, '569NIG', 'COM', 'PMS', NULL, 900.00, '2025-12-06 00:00:00'),
(771, '570NIG', 'COM', 'PMS', NULL, 900.00, '2025-12-06 00:00:00'),
(772, '586NIG', 'COM', 'PMS', NULL, 900.00, '2025-12-06 00:00:00'),
(773, '594NIG', 'COM', 'PMS', NULL, 900.00, '2025-12-06 00:00:00'),
(774, '598NIG', 'COM', 'PMS', NULL, 900.00, '2025-12-06 00:00:00'),
(775, '599NIG', 'COM', 'PMS', NULL, 900.00, '2025-12-06 00:00:00'),
(776, '625NIG', 'COM', 'PMS', NULL, 900.00, '2025-12-06 00:00:00'),
(777, '683NKA', 'COM', 'PMS', NULL, 900.00, '2025-12-06 00:00:00'),
(778, '857NHE', 'COM', 'PMS', NULL, 900.00, '2025-12-06 00:00:00'),
(779, '902NHE', 'COM', 'PMS', NULL, 900.00, '2025-12-06 00:00:00'),
(780, '908NHE', 'COM', 'PMS', NULL, 900.00, '2025-12-06 00:00:00'),
(781, '963NHG', 'COM', 'PMS', NULL, 900.00, '2025-12-06 00:00:00'),
(782, 'N597LA', 'COM', 'PMS', NULL, 900.00, '2025-12-06 00:00:00'),
(783, 'N598LA', 'COM', 'PMS', NULL, 900.00, '2025-12-06 00:00:00'),
(784, 'PAORE3210H0037012', 'COM', 'PMS', NULL, 900.00, '2025-12-06 00:00:00'),
(785, 'PAORE3210J0094240', 'COM', 'PMS', NULL, 900.00, '2025-12-06 00:00:00'),
(786, 'PAORE3210J0093196', 'COM', 'PMS', NULL, 900.00, '2025-12-06 00:00:00'),
(787, '959NHG', 'COM', 'REP', NULL, 100.00, '2025-12-08 00:00:00'),
(788, '612NIG', 'COM', 'REP', NULL, 100.00, '2025-12-08 00:00:00'),
(789, '584NIG', 'COM', 'REP', NULL, 300.00, '2025-12-08 00:00:00'),
(790, '655NIG', 'COM', 'REP', NULL, 2100.00, '2025-12-08 00:00:00'),
(791, '601NIG', 'COM', 'REP', NULL, 2400.00, '2025-12-08 00:00:00'),
(792, '580NIG', 'COM', 'REP', NULL, 200.00, '2025-12-08 00:00:00'),
(793, '653NIG', 'COM', 'REP', NULL, 1000.00, '2025-12-08 00:00:00'),
(794, '595NIG', 'COM', 'REP', NULL, 1800.00, '2025-12-08 00:00:00'),
(795, '578NIG', 'COM', 'REP', NULL, 1500.00, '2025-12-08 00:00:00'),
(796, '578NIG', 'COM', 'PMS', NULL, 900.00, '2025-12-08 00:00:00'),
(797, '580NIG', 'COM', 'PMS', NULL, 900.00, '2025-12-08 00:00:00'),
(798, '584NIG', 'COM', 'PMS', NULL, 900.00, '2025-12-08 00:00:00'),
(799, '591NIG', 'COM', 'PMS', NULL, 900.00, '2025-12-08 00:00:00'),
(800, '595NIG', 'COM', 'PMS', NULL, 900.00, '2025-12-08 00:00:00'),
(801, '601NIG', 'COM', 'PMS', NULL, 900.00, '2025-12-08 00:00:00'),
(802, '612NIG', 'COM', 'PMS', NULL, 900.00, '2025-12-08 00:00:00'),
(803, '614NIG', 'COM', 'PMS', NULL, 900.00, '2025-12-08 00:00:00'),
(804, '618NIG', 'COM', 'PMS', NULL, 900.00, '2025-12-08 00:00:00'),
(805, '638NIG', 'COM', 'PMS', NULL, 900.00, '2025-12-08 00:00:00'),
(806, '643NIG', 'COM', 'PMS', NULL, 900.00, '2025-12-08 00:00:00'),
(807, '645NIG', 'COM', 'PMS', NULL, 900.00, '2025-12-08 00:00:00'),
(808, '653NIG', 'COM', 'PMS', NULL, 900.00, '2025-12-08 00:00:00'),
(809, '655NIG', 'COM', 'PMS', NULL, 900.00, '2025-12-08 00:00:00'),
(810, '680NKA', 'COM', 'PMS', NULL, 900.00, '2025-12-08 00:00:00'),
(811, '786NKA', 'COM', 'PMS', NULL, 900.00, '2025-12-08 00:00:00'),
(812, '939NHE', 'COM', 'PMS', NULL, 900.00, '2025-12-08 00:00:00'),
(813, '955NHG', 'COM', 'PMS', NULL, 900.00, '2025-12-08 00:00:00'),
(814, '956NHG', 'COM', 'PMS', NULL, 900.00, '2025-12-08 00:00:00'),
(815, '959NHG', 'COM', 'PMS', NULL, 900.00, '2025-12-08 00:00:00'),
(816, 'N568LA', 'COM', 'PMS', NULL, 900.00, '2025-12-08 00:00:00'),
(817, 'PAORE3210H0037326', 'COM', 'PMS', NULL, 900.00, '2025-12-08 00:00:00'),
(818, '625NIG', 'COM', 'REP', NULL, 600.00, '2025-12-12 00:00:00'),
(819, 'N597LA', 'COM', 'REP', NULL, 850.00, '2025-12-12 00:00:00'),
(820, '569NIG', 'COM', 'REP', NULL, 400.00, '2025-12-12 00:00:00'),
(821, 'N598LA', 'COM', 'REP', NULL, 2600.00, '2025-12-12 00:00:00'),
(822, '963NHG', 'COM', 'REP', NULL, 500.00, '2025-12-12 00:00:00'),
(823, '369NIG', 'COM', 'REP', NULL, 600.00, '2025-12-14 00:00:00'),
(824, '570NIG', 'COM', 'REP', NULL, 600.00, '2025-12-14 00:00:00'),
(825, '568NIG', 'COM', 'REP', NULL, 250.00, '2025-12-14 00:00:00'),
(826, '951NHE', 'COM', 'REP', NULL, 1500.00, '2025-12-14 00:00:00'),
(827, '392NIG', 'COM', 'REP', NULL, 1500.00, '2025-12-14 00:00:00'),
(828, '625NIG', 'COM', 'REP', NULL, 0.00, '2025-12-14 00:00:00'),
(829, 'N597LA', 'COM', 'REP', NULL, 300.00, '2025-12-14 00:00:00'),
(830, '951NHE', 'COM', 'REP', NULL, 900.00, '2025-12-14 00:00:00'),
(831, '392NIG', 'COM', 'REP', NULL, 0.00, '2025-12-14 00:00:00'),
(832, '951NHE', 'COM', 'REP', NULL, 250.00, '2025-12-14 00:00:00'),
(833, '961NHG', 'COM', 'REP', NULL, 400.00, '2025-12-21 00:00:00'),
(834, '569NIG', 'COM', 'REP', NULL, 1200.00, '2025-12-21 00:00:00'),
(835, 'N598LA', 'COM', 'REP', NULL, 150.00, '2025-12-21 00:00:00'),
(836, '625NIG', 'COM', 'REP', NULL, 550.00, '2025-12-21 00:00:00'),
(837, '963NHG', 'COM', 'REP', NULL, 450.00, '2025-12-21 00:00:00'),
(838, '570NIG', 'COM', 'REP', NULL, 100.00, '2025-12-21 00:00:00'),
(839, '392NIG', 'COM', 'REP', NULL, 150.00, '2025-12-21 00:00:00'),
(840, '598NIG', 'COM', 'REP', NULL, 1000.00, '2025-12-21 00:00:00'),
(841, '857NHE', 'COM', 'REP', NULL, 850.00, '2025-12-21 00:00:00'),
(842, '908NHE', 'COM', 'REP', NULL, 0.00, '2025-12-21 00:00:00'),
(843, '963NHG', 'COM', 'REP', NULL, 700.00, '2026-01-02 00:00:00'),
(844, '908NHE', 'COM', 'REP', NULL, 550.00, '2026-01-02 00:00:00'),
(845, '961NHG', 'COM', 'REP', NULL, 400.00, '2026-01-02 00:00:00'),
(846, 'N597LA', 'COM', 'REP', NULL, 350.00, '2026-01-02 00:00:00'),
(847, '568NIG', 'COM', 'REP', NULL, 350.00, '2026-01-02 00:00:00'),
(848, '392NIG', 'COM', 'REP', NULL, 400.00, '2026-01-02 00:00:00'),
(849, '645NIG', 'COM', 'REP', NULL, 900.00, '2026-01-04 00:00:00'),
(850, '580NIG', 'COM', 'REP', NULL, 150.00, '2026-01-04 00:00:00'),
(851, '955NHG', 'COM', 'REP', NULL, 1190.00, '2026-01-04 00:00:00'),
(852, 'N568LA', 'COM', 'REP', NULL, 1050.00, '2026-01-04 00:00:00'),
(853, 'PAORE3210H0037326', 'COM', 'REP', NULL, 300.00, '2026-01-04 00:00:00'),
(854, '614NIG', 'COM', 'REP', NULL, 300.00, '2026-01-04 00:00:00'),
(855, 'N578LA', 'COM', 'REP', NULL, 600.00, '2026-01-04 00:00:00'),
(856, '601NIG', 'COM', 'REP', NULL, 1500.00, '2026-01-04 00:00:00'),
(857, '655NIG', 'COM', 'REP', NULL, 500.00, '2026-01-04 00:00:00'),
(858, '618NIG', 'COM', 'REP', NULL, 950.00, '2026-01-04 00:00:00'),
(859, '578NIG', 'COM', 'PMS', NULL, 900.00, '2026-01-04 00:00:00'),
(860, '580NIG', 'COM', 'PMS', NULL, 900.00, '2026-01-04 00:00:00'),
(861, '584NIG', 'COM', 'PMS', NULL, 900.00, '2026-01-04 00:00:00'),
(862, '591NIG', 'COM', 'PMS', NULL, 900.00, '2026-01-04 00:00:00'),
(863, '595NIG', 'COM', 'PMS', NULL, 900.00, '2026-01-04 00:00:00'),
(864, '601NIG', 'COM', 'PMS', NULL, 900.00, '2026-01-04 00:00:00'),
(865, '612NIG', 'COM', 'PMS', NULL, 900.00, '2026-01-04 00:00:00'),
(866, '614NIG', 'COM', 'PMS', NULL, 900.00, '2026-01-04 00:00:00'),
(867, '618NIG', 'COM', 'PMS', NULL, 900.00, '2026-01-04 00:00:00'),
(868, '638NIG', 'COM', 'PMS', NULL, 900.00, '2026-01-04 00:00:00'),
(869, '643NIG', 'COM', 'PMS', NULL, 900.00, '2026-01-04 00:00:00'),
(870, '645NIG', 'COM', 'PMS', NULL, 900.00, '2026-01-04 00:00:00'),
(871, '653NIG', 'COM', 'PMS', NULL, 900.00, '2026-01-04 00:00:00'),
(872, '655NIG', 'COM', 'PMS', NULL, 900.00, '2026-01-04 00:00:00'),
(873, '680NKA', 'COM', 'PMS', NULL, 900.00, '2026-01-04 00:00:00'),
(874, '786NKA', 'COM', 'PMS', NULL, 900.00, '2026-01-04 00:00:00'),
(875, '939NHE', 'COM', 'PMS', NULL, 900.00, '2026-01-04 00:00:00'),
(876, '955NHG', 'COM', 'PMS', NULL, 900.00, '2026-01-04 00:00:00'),
(877, '958NHG', 'COM', 'PMS', NULL, 900.00, '2026-01-04 00:00:00'),
(878, '959NHG', 'COM', 'PMS', NULL, 900.00, '2026-01-04 00:00:00'),
(879, 'N568LA', 'COM', 'PMS', NULL, 900.00, '2026-01-04 00:00:00'),
(880, 'N578LA', 'COM', 'PMS', NULL, 900.00, '2026-01-04 00:00:00'),
(881, 'PAORE3210H0037326', 'COM', 'PMS', NULL, 900.00, '2026-01-04 00:00:00'),
(882, '392NIG', 'COM', 'PMS', NULL, 900.00, '2026-01-06 00:00:00'),
(883, '568NIG', 'COM', 'PMS', NULL, 900.00, '2026-01-06 00:00:00'),
(884, '569NIG', 'COM', 'PMS', NULL, 900.00, '2026-01-06 00:00:00'),
(885, '570NIG', 'COM', 'PMS', NULL, 900.00, '2026-01-06 00:00:00'),
(886, '586NIG', 'COM', 'PMS', NULL, 900.00, '2026-01-06 00:00:00'),
(887, '594NIG', 'COM', 'PMS', NULL, 900.00, '2026-01-06 00:00:00'),
(888, '598NIG', 'COM', 'PMS', NULL, 900.00, '2026-01-06 00:00:00'),
(889, '599NIG', 'COM', 'PMS', NULL, 900.00, '2026-01-06 00:00:00'),
(890, '625NIG', 'COM', 'PMS', NULL, 900.00, '2026-01-06 00:00:00'),
(891, '683NKA', 'COM', 'PMS', NULL, 900.00, '2026-01-06 00:00:00'),
(892, '857NHE', 'COM', 'PMS', NULL, 900.00, '2026-01-06 00:00:00'),
(893, '902NHE', 'COM', 'PMS', NULL, 900.00, '2026-01-06 00:00:00'),
(894, '908NHE', 'COM', 'PMS', NULL, 900.00, '2026-01-06 00:00:00'),
(895, '961NHG', 'COM', 'PMS', NULL, 900.00, '2026-01-06 00:00:00'),
(896, '963NHG', 'COM', 'PMS', NULL, 900.00, '2026-01-06 00:00:00'),
(897, 'N597LA', 'COM', 'PMS', NULL, 900.00, '2026-01-06 00:00:00'),
(898, 'N598LA', 'COM', 'PMS', NULL, 900.00, '2026-01-06 00:00:00'),
(899, 'PAORE3210J0094240', 'COM', 'PMS', NULL, 900.00, '2026-01-06 00:00:00'),
(900, 'PAORE3210J0093196', 'COM', 'PMS', NULL, 900.00, '2026-01-06 00:00:00'),
(901, '653NIG', 'COM', 'REP', NULL, 1150.00, '2026-01-09 00:00:00'),
(902, '601NIG', 'COM', 'REP', NULL, 1000.00, '2026-01-09 00:00:00'),
(903, '956NHG', 'COM', 'REP', NULL, 900.00, '2026-01-09 00:00:00'),
(904, 'N578LA', 'COM', 'REP', NULL, 400.00, '2026-01-09 00:00:00'),
(905, '566NIG', 'COM', 'REP', NULL, 800.00, '2026-01-09 00:00:00'),
(906, '643NIG', 'COM', 'REP', NULL, 1350.00, '2026-01-09 00:00:00'),
(907, '959NHG', 'COM', 'REP', NULL, 1200.00, '2026-01-09 00:00:00'),
(908, '786NKA', 'COM', 'REP', NULL, 250.00, '2026-01-09 00:00:00'),
(909, '887NIG', 'COM', 'REP', NULL, 4500.00, '2026-01-13 00:00:00'),
(910, '631NIG', 'COM', 'REP', NULL, 4500.00, '2026-01-13 00:00:00'),
(911, '186NHH', 'COM', 'REP', NULL, 4500.00, '2026-01-13 00:00:00'),
(912, '601NIG', 'COM', 'REP', NULL, 250.00, '2026-01-14 00:00:00'),
(913, '680NKA', 'COM', 'REP', NULL, 900.00, '2026-01-14 00:00:00'),
(914, '578NIG', 'COM', 'REP', NULL, 600.00, '2026-01-14 00:00:00'),
(915, '956NHG', 'COM', 'REP', NULL, 150.00, '2026-01-14 00:00:00'),
(916, '369NIG', 'COM', 'REP', NULL, 400.00, '2026-01-18 00:00:00'),
(917, '566NIG', 'COM', 'REP', NULL, 1100.00, '2026-01-18 00:00:00'),
(918, '643NIG', 'COM', 'REP', NULL, 1500.00, '2026-01-18 00:00:00'),
(919, '680NKA', 'COM', 'REP', NULL, 250.00, '2026-01-18 00:00:00'),
(920, '569NIG', 'COM', 'REP', NULL, 1100.00, '2026-01-18 00:00:00'),
(921, 'N598LA', 'COM', 'REP', NULL, 600.00, '2026-01-18 00:00:00'),
(922, '908NHE', 'COM', 'REP', NULL, 400.00, '2026-01-18 00:00:00'),
(923, '963NHG', 'COM', 'REP', NULL, 700.00, '2026-01-18 00:00:00'),
(924, '653NIG', 'COM', 'REP', NULL, 1500.00, '2026-01-25 00:00:00'),
(925, 'N568LA', 'COM', 'REP', NULL, 1000.00, '2026-01-25 00:00:00'),
(926, '655NIG', 'COM', 'REP', NULL, 600.00, '2026-01-25 00:00:00'),
(927, '958NHG', 'COM', 'REP', NULL, 350.00, '2026-01-25 00:00:00'),
(928, '591NIG', 'COM', 'REP', NULL, 1700.00, '2026-01-25 00:00:00'),
(929, '645NIG', 'COM', 'REP', NULL, 750.00, '2026-01-25 00:00:00'),
(930, '578NIG', 'COM', 'REP', NULL, 1750.00, '2026-01-25 00:00:00'),
(931, '954NHG', 'COM', 'REP', NULL, 1650.00, '2026-01-25 00:00:00'),
(932, '591NIG', 'COM', 'REP', NULL, 850.00, '2026-01-25 00:00:00'),
(933, '37298', 'COM', 'REP', NULL, 5100.00, '2026-01-29 00:00:00'),
(934, '401NIG', 'COM', 'REP', NULL, 5100.00, '2026-01-29 00:00:00'),
(935, '93058', 'COM', 'REP', NULL, 5600.00, '2026-01-29 00:00:00'),
(936, '631NIG', 'COM', 'REP', NULL, 0.00, '2026-01-29 00:00:00'),
(937, '594NIG', 'COM', 'REP', NULL, 1150.00, '2026-01-30 00:00:00'),
(938, '570NIG', 'COM', 'REP', NULL, 800.00, '2026-01-30 00:00:00'),
(939, '625NIG', 'COM', 'REP', NULL, 850.00, '2026-01-30 00:00:00'),
(940, 'N598LA', 'COM', 'REP', NULL, 450.00, '2026-01-30 00:00:00'),
(941, '586NIG', 'COM', 'REP', NULL, 200.00, '2026-01-30 00:00:00'),
(942, '598NIG', 'COM', 'REP', NULL, 250.00, '2026-01-30 00:00:00'),
(943, '902NHE', 'COM', 'REP', NULL, 150.00, '2026-01-30 00:00:00'),
(944, '568NIG', 'COM', 'REP', NULL, 100.00, '2026-01-30 00:00:00'),
(945, '392NIG', 'COM', 'REP', NULL, 300.00, '2026-01-30 00:00:00'),
(946, '908NHE', 'COM', 'REP', NULL, 400.00, '2026-01-30 00:00:00'),
(947, '569NIG', 'COM', 'REP', NULL, 1750.00, '2026-01-30 00:00:00'),
(948, 'PAORE3210H0044698', 'COM', 'REP', NULL, 4500.00, '2026-02-02 00:00:00'),
(949, 'PAORE3210H0044551', 'COM', 'REP', NULL, 4500.00, '2026-02-02 00:00:00'),
(950, 'PAORE3210H0043270', 'COM', 'REP', NULL, 4500.00, '2026-02-02 00:00:00'),
(951, '920NIG', 'COM', 'REP', NULL, 4500.00, '2026-02-02 00:00:00'),
(952, '216NHH', 'COM', 'REP', NULL, 4500.00, '2026-02-02 00:00:00'),
(953, 'PAORE3210H0093098', 'COM', 'REP', NULL, 4500.00, '2026-02-02 00:00:00'),
(954, '582NIG', 'COM', 'REP', NULL, 1500.00, '2026-02-08 00:00:00'),
(955, '612NIG', 'COM', 'REP', NULL, 100.00, '2026-02-08 00:00:00'),
(956, '601NIG', 'COM', 'REP', NULL, 1200.00, '2026-02-08 00:00:00'),
(957, '680NKA', 'COM', 'REP', NULL, 350.00, '2026-02-08 00:00:00'),
(958, '584NIG', 'COM', 'REP', NULL, 300.00, '2026-02-08 00:00:00'),
(959, '655NIG', 'COM', 'REP', NULL, 650.00, '2026-02-08 00:00:00'),
(960, '618NIG', 'COM', 'REP', NULL, 50.00, '2026-02-08 00:00:00'),
(961, '958NHG', 'COM', 'REP', NULL, 150.00, '2026-02-08 00:00:00'),
(962, '959NHG', 'COM', 'REP', NULL, 1300.00, '2026-02-08 00:00:00'),
(963, '595NIG', 'COM', 'REP', NULL, 500.00, '2026-02-08 00:00:00'),
(964, '369NIG', 'COM', 'PMS', NULL, 900.00, '2026-02-08 00:00:00'),
(965, '392NIG', 'COM', 'PMS', NULL, 900.00, '2026-02-08 00:00:00'),
(966, '566NIG', 'COM', 'PMS', NULL, 900.00, '2026-02-08 00:00:00'),
(967, '568NIG', 'COM', 'PMS', NULL, 900.00, '2026-02-08 00:00:00'),
(968, '570NIG', 'COM', 'PMS', NULL, 900.00, '2026-02-08 00:00:00'),
(969, '578NIG', 'COM', 'PMS', NULL, 900.00, '2026-02-08 00:00:00'),
(970, '580NIG', 'COM', 'PMS', NULL, 900.00, '2026-02-08 00:00:00'),
(971, '582NIG', 'COM', 'PMS', NULL, 900.00, '2026-02-08 00:00:00'),
(972, '584NIG', 'COM', 'PMS', NULL, 900.00, '2026-02-08 00:00:00'),
(973, '586NIG', 'COM', 'PMS', NULL, 900.00, '2026-02-08 00:00:00'),
(974, '591NIG', 'COM', 'PMS', NULL, 900.00, '2026-02-08 00:00:00'),
(975, '594NIG', 'COM', 'PMS', NULL, 900.00, '2026-02-08 00:00:00'),
(976, '595NIG', 'COM', 'PMS', NULL, 900.00, '2026-02-08 00:00:00'),
(977, '598NIG', 'COM', 'PMS', NULL, 900.00, '2026-02-08 00:00:00'),
(978, '599NIG', 'COM', 'PMS', NULL, 900.00, '2026-02-08 00:00:00'),
(979, '601NIG', 'COM', 'PMS', NULL, 900.00, '2026-02-08 00:00:00'),
(980, '612NIG', 'COM', 'PMS', NULL, 900.00, '2026-02-08 00:00:00'),
(981, '614NIG', 'COM', 'PMS', NULL, 900.00, '2026-02-08 00:00:00'),
(982, '618NIG', 'COM', 'PMS', NULL, 900.00, '2026-02-08 00:00:00'),
(983, '625NIG', 'COM', 'PMS', NULL, 900.00, '2026-02-08 00:00:00'),
(984, '638NIG', 'COM', 'PMS', NULL, 900.00, '2026-02-08 00:00:00'),
(985, '643NIG', 'COM', 'PMS', NULL, 900.00, '2026-02-08 00:00:00'),
(986, '645NIG', 'COM', 'PMS', NULL, 900.00, '2026-02-08 00:00:00'),
(987, '653NIG', 'COM', 'PMS', NULL, 900.00, '2026-02-08 00:00:00'),
(988, '655NIG', 'COM', 'PMS', NULL, 900.00, '2026-02-08 00:00:00'),
(989, '680NKA', 'COM', 'PMS', NULL, 900.00, '2026-02-08 00:00:00'),
(990, '683NKA', 'COM', 'PMS', NULL, 900.00, '2026-02-08 00:00:00'),
(991, '857NHE', 'COM', 'PMS', NULL, 900.00, '2026-02-08 00:00:00'),
(992, '902NHE', 'COM', 'PMS', NULL, 900.00, '2026-02-08 00:00:00'),
(993, '908NHE', 'COM', 'PMS', NULL, 900.00, '2026-02-08 00:00:00'),
(994, '939NHE', 'COM', 'PMS', NULL, 900.00, '2026-02-08 00:00:00'),
(995, '954NHG', 'COM', 'PMS', NULL, 900.00, '2026-02-08 00:00:00'),
(996, '955NHG', 'COM', 'PMS', NULL, 900.00, '2026-02-08 00:00:00'),
(997, '958NHG', 'COM', 'PMS', NULL, 900.00, '2026-02-08 00:00:00'),
(998, '959NHG', 'COM', 'PMS', NULL, 900.00, '2026-02-08 00:00:00'),
(999, '963NHG', 'COM', 'PMS', NULL, 900.00, '2026-02-08 00:00:00'),
(1000, 'N568LA', 'COM', 'PMS', NULL, 900.00, '2026-02-08 00:00:00'),
(1001, 'N578LA', 'COM', 'PMS', NULL, 900.00, '2026-02-08 00:00:00'),
(1002, 'N597LA', 'COM', 'PMS', NULL, 900.00, '2026-02-08 00:00:00'),
(1003, 'N598LA', 'COM', 'PMS', NULL, 900.00, '2026-02-08 00:00:00'),
(1004, 'PAORE3210J0094240', 'COM', 'PMS', NULL, 900.00, '2026-02-08 00:00:00'),
(1005, 'PAORE3210J0093196', 'COM', 'PMS', NULL, 900.00, '2026-02-08 00:00:00'),
(1006, 'PAORE3210H0044646', 'COM', 'REP', NULL, 4500.00, '2026-02-17 00:00:00'),
(1007, 'PAORE3210H0003274', 'COM', 'REP', NULL, 4500.00, '2026-02-17 00:00:00'),
(1008, 'PAORE3210H0032457', 'COM', 'REP', NULL, 4500.00, '2026-02-17 00:00:00'),
(1009, '833NIG', 'COM', 'REP', NULL, 4500.00, '2026-02-17 00:00:00'),
(1010, 'PAORE3210H0093090', 'COM', 'REP', NULL, 4500.00, '2026-02-17 00:00:00'),
(1011, '931NHE', 'COM', 'REP', NULL, 4500.00, '2026-02-17 00:00:00'),
(1012, 'PAORE3210H0043082', 'COM', 'REP', NULL, 4500.00, '2026-02-27 00:00:00'),
(1013, 'PAORE3210H0044281', 'COM', 'REP', NULL, 4500.00, '2026-02-27 00:00:00'),
(1014, 'PAORE3210H0044699', 'COM', 'REP', NULL, 4500.00, '2026-02-27 00:00:00'),
(1015, 'PAORE3210H0044369', 'COM', 'REP', NULL, 4500.00, '2026-02-27 00:00:00'),
(1016, 'PAORE3210H0043259', 'COM', 'REP', NULL, 4500.00, '2026-02-27 00:00:00'),
(1017, '868NHE', 'COM', 'REP', NULL, 4500.00, '2026-02-27 00:00:00'),
(1018, '163NHH', 'COM', 'REP', NULL, 4500.00, '2026-02-27 00:00:00'),
(1019, 'PAORE3210H0095598', 'COM', 'REP', NULL, 4500.00, '2026-02-27 00:00:00'),
(1020, 'PAORE3210H0037365', 'COM', 'REP', NULL, 4500.00, '2026-02-27 00:00:00'),
(1021, 'PAORE3210H0037258', 'COM', 'REP', NULL, 4500.00, '2026-02-27 00:00:00'),
(1022, '785NHE', 'COM', 'REP', NULL, 0.00, '2026-02-28 00:00:00'),
(1023, '655NIG', 'COM', 'REP', NULL, 700.00, '2026-03-01 00:00:00'),
(1024, '618NIG', 'COM', 'REP', NULL, 750.00, '2026-03-01 00:00:00'),
(1025, '582NIG', 'COM', 'REP', NULL, 700.00, '2026-03-01 00:00:00'),
(1026, '601NIG', 'COM', 'REP', NULL, 900.00, '2026-03-01 00:00:00'),
(1027, '786NKA', 'COM', 'REP', NULL, 1250.00, '2026-03-01 00:00:00'),
(1028, '580NIG', 'COM', 'REP', NULL, 2400.00, '2026-03-01 00:00:00'),
(1029, '595NIG', 'COM', 'REP', NULL, 1050.00, '2026-03-01 00:00:00'),
(1030, 'N578LA', 'COM', 'REP', NULL, 600.00, '2026-03-01 00:00:00'),
(1031, '578NIG', 'COM', 'REP', NULL, 600.00, '2026-03-01 00:00:00'),
(1032, '643NIG', 'COM', 'REP', NULL, 1600.00, '2026-03-01 00:00:00'),
(1033, '584NIG', 'COM', 'REP', NULL, 350.00, '2026-03-01 00:00:00'),
(1034, '570NIG', 'COM', 'REP', NULL, 650.00, '2026-03-01 00:00:00'),
(1035, '599NIG', 'COM', 'REP', NULL, 750.00, '2026-03-01 00:00:00'),
(1036, '902NHE', 'COM', 'REP', NULL, 1200.00, '2026-03-01 00:00:00'),
(1037, 'N569LA', 'COM', 'REP', NULL, 650.00, '2026-03-08 00:00:00'),
(1038, '578NIG', 'COM', 'PMS', NULL, 900.00, '2026-03-08 00:00:00'),
(1039, '580NIG', 'COM', 'PMS', NULL, 900.00, '2026-03-08 00:00:00'),
(1040, '591NIG', 'COM', 'PMS', NULL, 900.00, '2026-03-08 00:00:00'),
(1041, '595NIG', 'COM', 'PMS', NULL, 900.00, '2026-03-08 00:00:00'),
(1042, '601NIG', 'COM', 'PMS', NULL, 900.00, '2026-03-08 00:00:00'),
(1043, '612NIG', 'COM', 'PMS', NULL, 900.00, '2026-03-08 00:00:00'),
(1044, '614NIG', 'COM', 'PMS', NULL, 900.00, '2026-03-08 00:00:00'),
(1045, '618NIG', 'COM', 'PMS', NULL, 900.00, '2026-03-08 00:00:00'),
(1046, '638NIG', 'COM', 'PMS', NULL, 900.00, '2026-03-08 00:00:00'),
(1047, '643NIG', 'COM', 'PMS', NULL, 900.00, '2026-03-08 00:00:00'),
(1048, '645NIG', 'COM', 'PMS', NULL, 900.00, '2026-03-08 00:00:00'),
(1049, '653NIG', 'COM', 'PMS', NULL, 900.00, '2026-03-08 00:00:00'),
(1050, '655NIG', 'COM', 'PMS', NULL, 900.00, '2026-03-08 00:00:00'),
(1051, '680NKA', 'COM', 'PMS', NULL, 900.00, '2026-03-08 00:00:00'),
(1052, '786NKA', 'COM', 'PMS', NULL, 900.00, '2026-03-08 00:00:00'),
(1053, '939NHE', 'COM', 'PMS', NULL, 900.00, '2026-03-08 00:00:00'),
(1054, '954NHG', 'COM', 'PMS', NULL, 900.00, '2026-03-08 00:00:00'),
(1055, '955NHG', 'COM', 'PMS', NULL, 900.00, '2026-03-08 00:00:00'),
(1056, '958NHG', 'COM', 'PMS', NULL, 900.00, '2026-03-08 00:00:00'),
(1057, '959NHG', 'COM', 'PMS', NULL, 900.00, '2026-03-08 00:00:00'),
(1058, 'N568LA', 'COM', 'PMS', NULL, 900.00, '2026-03-08 00:00:00'),
(1059, 'N578LA', 'COM', 'PMS', NULL, 900.00, '2026-03-08 00:00:00'),
(1060, '555NIG', 'COM', 'REP', NULL, 4500.00, '2026-03-16 00:00:00'),
(1061, '197NIG', 'COM', 'REP', NULL, 4500.00, '2026-03-16 00:00:00'),
(1062, '950NHE', 'COM', 'REP', NULL, 4500.00, '2026-03-16 00:00:00'),
(1063, '682NKA', 'COM', 'REP', NULL, 4500.00, '2026-03-16 00:00:00'),
(1064, '590NHG', 'COM', 'REP', NULL, 4500.00, '2026-03-16 00:00:00'),
(1065, '905NIF', 'COM', 'REP', NULL, 4500.00, '2026-03-16 00:00:00'),
(1066, '910NIF', 'COM', 'REP', NULL, 4500.00, '2026-03-16 00:00:00'),
(1067, '899NIF', 'COM', 'REP', NULL, 4500.00, '2026-03-16 00:00:00'),
(1068, '201NIG', 'COM', 'REP', NULL, 4500.00, '2026-03-16 00:00:00'),
(1069, '610NHG', 'COM', 'REP', NULL, 4500.00, '2026-03-16 00:00:00'),
(1070, '570NIG', 'COM', 'REP', NULL, 500.00, '2026-03-23 00:00:00'),
(1071, '857NHE', 'COM', 'REP', NULL, 3150.00, '2026-03-23 00:00:00'),
(1072, 'N597LA', 'COM', 'REP', NULL, 1050.00, '2026-03-23 00:00:00'),
(1073, '209NHH', 'COM', 'REP', NULL, 1650.00, '2026-03-23 00:00:00'),
(1074, '598NIG', 'COM', 'REP', NULL, 650.00, '2026-03-23 00:00:00'),
(1075, 'N598LA', 'COM', 'REP', NULL, 1800.00, '2026-03-23 00:00:00'),
(1076, '586NIG', 'COM', 'REP', NULL, 600.00, '2026-03-23 00:00:00'),
(1077, '569NIG', 'COM', 'REP', NULL, 1550.00, '2026-03-23 00:00:00'),
(1078, '908NHE', 'COM', 'REP', NULL, 3700.00, '2026-03-23 00:00:00'),
(1079, '961NHG', 'COM', 'REP', NULL, 2800.00, '2026-03-23 00:00:00'),
(1080, '951NHE', 'COM', 'REP', NULL, 1000.00, '2026-03-23 00:00:00'),
(1081, '392NIG', 'COM', 'REP', NULL, 800.00, '2026-03-23 00:00:00'),
(1082, '683NKA', 'COM', 'REP', NULL, 550.00, '2026-03-23 00:00:00'),
(1083, '625NIG', 'COM', 'REP', NULL, 400.00, '2026-03-23 00:00:00'),
(1084, '599NIG', 'COM', 'REP', NULL, 1400.00, '2026-03-23 00:00:00'),
(1085, 'PAORE3210H0037775', 'COM', 'REP', NULL, 400.00, '2026-03-23 00:00:00');

-- --------------------------------------------------------

--
-- Table structure for table `repair_type`
--

CREATE TABLE `repair_type` (
  `repair_type_id` varchar(3) NOT NULL,
  `type_name` varchar(50) NOT NULL
) ENGINE=InnoDB DEFAULT CHARSET=utf8mb4 COLLATE=utf8mb4_general_ci;

--
-- Dumping data for table `repair_type`
--

INSERT INTO `repair_type` (`repair_type_id`, `type_name`) VALUES
('BE', 'Body / Exterior'),
('BS', 'Brake System'),
('CSW', 'Chassis / Suspension / Wheels'),
('DT', 'Drivetrain & Transmission'),
('ELS', 'Electrical System'),
('ES', 'Engine System'),
('FF', 'Fuel & Fluids');

-- --------------------------------------------------------

--
-- Table structure for table `service_types`
--

CREATE TABLE `service_types` (
  `type_id` char(3) NOT NULL,
  `type` varchar(50) NOT NULL
) ENGINE=InnoDB DEFAULT CHARSET=utf8mb4 COLLATE=utf8mb4_general_ci;

--
-- Dumping data for table `service_types`
--

INSERT INTO `service_types` (`type_id`, `type`) VALUES
('PMS', 'PMS'),
('REP', 'repair');

-- --------------------------------------------------------

--
-- Table structure for table `status`
--

CREATE TABLE `status` (
  `status_id` char(3) NOT NULL,
  `status_desc` varchar(50) NOT NULL
) ENGINE=InnoDB DEFAULT CHARSET=utf8mb4 COLLATE=utf8mb4_general_ci;

--
-- Dumping data for table `status`
--

INSERT INTO `status` (`status_id`, `status_desc`) VALUES
('COM', 'completed'),
('ONG', 'ongoing');

-- --------------------------------------------------------

--
-- Table structure for table `transaction_parts`
--

CREATE TABLE `transaction_parts` (
  `transaction_id` int(11) NOT NULL,
  `quantity` int(11) NOT NULL,
  `repair_id` varchar(10) NOT NULL
) ENGINE=InnoDB DEFAULT CHARSET=utf8mb4 COLLATE=utf8mb4_general_ci;

--
-- Dumping data for table `transaction_parts`
--

INSERT INTO `transaction_parts` (`transaction_id`, `quantity`, `repair_id`) VALUES
(15, 1, 'P017'),
(15, 1, 'P095'),
(15, 1, 'P129'),
(16, 1, 'P005'),
(16, 1, 'P062'),
(16, 1, 'P095'),
(16, 1, 'P108'),
(17, 1, 'P005'),
(17, 1, 'P013'),
(17, 1, 'P017'),
(17, 1, 'P033'),
(17, 1, 'P062'),
(17, 1, 'P107'),
(18, 2, 'P095'),
(18, 1, 'P107'),
(19, 2, 'P062'),
(19, 1, 'P108'),
(19, 1, 'P109'),
(20, 2, 'P017'),
(20, 1, 'P062'),
(20, 1, 'P095'),
(20, 1, 'P097'),
(20, 1, 'P107'),
(20, 1, 'P114'),
(21, 1, 'P005'),
(21, 1, 'P012'),
(21, 2, 'P017'),
(21, 1, 'P030'),
(21, 1, 'P034'),
(21, 1, 'P044'),
(21, 1, 'P097'),
(21, 1, 'P107'),
(22, 1, 'P067'),
(22, 1, 'P107'),
(22, 1, 'P120'),
(23, 1, 'P005'),
(23, 1, 'P108'),
(23, 1, 'P109'),
(24, 1, 'P013'),
(24, 2, 'P017'),
(24, 1, 'P044'),
(24, 1, 'P067'),
(24, 1, 'P095'),
(24, 1, 'P108'),
(24, 1, 'P109'),
(24, 1, 'P120'),
(25, 1, 'P095'),
(25, 1, 'P107'),
(26, 1, 'P030'),
(26, 1, 'P067'),
(26, 1, 'P086'),
(26, 1, 'P107'),
(26, 1, 'P108'),
(26, 1, 'P109'),
(26, 1, 'P114'),
(26, 1, 'P120'),
(27, 1, 'P107'),
(28, 1, 'P013'),
(28, 1, 'P033'),
(29, 1, 'P007'),
(29, 1, 'P012'),
(29, 1, 'P013'),
(29, 1, 'P019'),
(29, 1, 'P065'),
(29, 1, 'P079'),
(29, 1, 'P108'),
(29, 1, 'P113'),
(29, 1, 'P117'),
(29, 2, 'P123'),
(30, 1, 'P130'),
(31, 1, 'P012'),
(31, 1, 'P013'),
(31, 1, 'P019'),
(31, 1, 'P034'),
(31, 1, 'P065'),
(31, 1, 'P108'),
(32, 1, 'P130'),
(33, 1, 'P019'),
(33, 1, 'P079'),
(33, 1, 'P113'),
(33, 1, 'P117'),
(33, 1, 'P122'),
(33, 2, 'P123'),
(34, 1, 'P097'),
(35, 1, 'P097'),
(57, 1, 'P005'),
(57, 1, 'P011'),
(57, 1, 'P012'),
(57, 1, 'P013'),
(57, 1, 'P016'),
(57, 2, 'P019'),
(57, 1, 'P033'),
(57, 1, 'P055'),
(57, 1, 'P061'),
(57, 1, 'P062'),
(57, 1, 'P063'),
(57, 1, 'P065'),
(57, 1, 'P073'),
(57, 1, 'P076'),
(57, 1, 'P092'),
(57, 1, 'P095'),
(57, 1, 'P102'),
(57, 1, 'P125'),
(58, 1, 'P005'),
(58, 1, 'P012'),
(58, 1, 'P013'),
(58, 1, 'P017'),
(58, 2, 'P019'),
(58, 1, 'P021'),
(58, 1, 'P022'),
(58, 1, 'P030'),
(58, 1, 'P044'),
(58, 1, 'P052'),
(58, 1, 'P055'),
(58, 1, 'P057'),
(58, 1, 'P061'),
(58, 1, 'P065'),
(58, 1, 'P073'),
(58, 1, 'P076'),
(58, 1, 'P092'),
(58, 1, 'P097'),
(58, 1, 'P098'),
(58, 1, 'P102'),
(58, 1, 'P109'),
(58, 1, 'P117'),
(58, 1, 'P125'),
(58, 1, 'P126'),
(59, 1, 'P005'),
(59, 1, 'P013'),
(59, 1, 'P019'),
(59, 1, 'P030'),
(59, 1, 'P055'),
(59, 1, 'P057'),
(59, 1, 'P061'),
(59, 1, 'P063'),
(59, 1, 'P065'),
(59, 1, 'P069'),
(59, 1, 'P073'),
(59, 1, 'P076'),
(59, 1, 'P092'),
(59, 1, 'P097'),
(59, 1, 'P102'),
(59, 1, 'P108'),
(59, 1, 'P111'),
(59, 1, 'P114'),
(59, 1, 'P125'),
(60, 1, 'P005'),
(60, 1, 'P013'),
(60, 1, 'P014'),
(60, 1, 'P016'),
(60, 2, 'P019'),
(60, 1, 'P033'),
(60, 1, 'P050'),
(60, 1, 'P055'),
(60, 1, 'P057'),
(60, 1, 'P061'),
(60, 1, 'P063'),
(60, 1, 'P065'),
(60, 2, 'P067'),
(60, 1, 'P073'),
(60, 1, 'P076'),
(60, 1, 'P092'),
(60, 2, 'P094'),
(60, 1, 'P097'),
(60, 1, 'P102'),
(60, 1, 'P114'),
(60, 2, 'P120'),
(60, 1, 'P125'),
(61, 1, 'P005'),
(61, 1, 'P012'),
(61, 1, 'P013'),
(61, 1, 'P016'),
(61, 1, 'P019'),
(61, 1, 'P030'),
(61, 1, 'P055'),
(61, 1, 'P057'),
(61, 1, 'P061'),
(61, 1, 'P063'),
(61, 1, 'P065'),
(61, 1, 'P073'),
(61, 1, 'P076'),
(61, 1, 'P092'),
(61, 2, 'P094'),
(61, 1, 'P097'),
(61, 1, 'P102'),
(61, 1, 'P111'),
(61, 1, 'P114'),
(61, 1, 'P125'),
(61, 1, 'P126'),
(62, 1, 'P005'),
(62, 1, 'P062'),
(62, 1, 'P089'),
(62, 1, 'P108'),
(62, 1, 'P109'),
(63, 1, 'P013'),
(63, 1, 'P030'),
(63, 1, 'P062'),
(63, 2, 'P095'),
(63, 1, 'P107'),
(64, 1, 'P005'),
(64, 1, 'P062'),
(64, 1, 'P089'),
(64, 1, 'P094'),
(64, 1, 'P107'),
(65, 1, 'P005'),
(65, 1, 'P044'),
(65, 1, 'P063'),
(65, 1, 'P069'),
(65, 1, 'P094'),
(65, 1, 'P108'),
(65, 1, 'P109'),
(66, 1, 'P092'),
(67, 1, 'P002'),
(67, 1, 'P005'),
(67, 1, 'P012'),
(67, 1, 'P062'),
(67, 1, 'P086'),
(67, 1, 'P107'),
(67, 1, 'P114'),
(68, 1, 'P013'),
(68, 2, 'P017'),
(68, 1, 'P033'),
(68, 1, 'P086'),
(68, 1, 'P107'),
(68, 1, 'P108'),
(68, 1, 'P109'),
(69, 1, 'P012'),
(69, 2, 'P017'),
(69, 1, 'P029'),
(69, 1, 'P030'),
(69, 1, 'P034'),
(69, 1, 'P107'),
(70, 2, 'P017'),
(70, 1, 'P062'),
(70, 1, 'P095'),
(70, 1, 'P111'),
(71, 1, 'P013'),
(71, 2, 'P017'),
(71, 1, 'P030'),
(71, 1, 'P092'),
(71, 1, 'P107'),
(72, 1, 'P005'),
(72, 1, 'P017'),
(72, 1, 'P029'),
(72, 1, 'P034'),
(72, 1, 'P073'),
(73, 1, 'P010'),
(73, 1, 'P017'),
(73, 1, 'P073'),
(73, 1, 'P076'),
(73, 1, 'P097'),
(73, 1, 'P108'),
(74, 1, 'P005'),
(74, 1, 'P010'),
(74, 2, 'P017'),
(74, 1, 'P073'),
(74, 1, 'P076'),
(75, 1, 'P005'),
(75, 1, 'P013'),
(75, 1, 'P017'),
(75, 1, 'P029'),
(75, 1, 'P034'),
(75, 1, 'P062'),
(75, 2, 'P073'),
(75, 1, 'P076'),
(75, 1, 'P092'),
(75, 3, 'P095'),
(76, 1, 'P005'),
(76, 1, 'P017'),
(76, 1, 'P062'),
(76, 1, 'P086'),
(76, 1, 'P092'),
(76, 1, 'P107'),
(76, 1, 'P108'),
(76, 1, 'P109'),
(77, 1, 'P005'),
(77, 1, 'P006'),
(77, 1, 'P013'),
(77, 2, 'P017'),
(77, 1, 'P030'),
(77, 1, 'P033'),
(77, 1, 'P062'),
(77, 1, 'P089'),
(77, 1, 'P092'),
(77, 1, 'P094'),
(77, 1, 'P107'),
(77, 1, 'P108'),
(77, 1, 'P115'),
(78, 1, 'P063'),
(78, 2, 'P095'),
(78, 1, 'P117'),
(79, 1, 'P013'),
(79, 2, 'P017'),
(79, 1, 'P030'),
(79, 1, 'P033'),
(79, 1, 'P107'),
(79, 1, 'P108'),
(80, 1, 'P014'),
(80, 2, 'P017'),
(80, 1, 'P034'),
(80, 1, 'P062'),
(80, 2, 'P094'),
(80, 1, 'P107'),
(81, 1, 'P017'),
(81, 1, 'P094'),
(81, 2, 'P095'),
(82, 1, 'P048'),
(82, 1, 'P062'),
(82, 1, 'P094'),
(82, 2, 'P095'),
(82, 1, 'P108'),
(83, 1, 'P029'),
(83, 1, 'P034'),
(84, 1, 'P044'),
(84, 1, 'P095'),
(84, 1, 'P107'),
(85, 2, 'P017'),
(85, 1, 'P062'),
(85, 2, 'P094'),
(86, 1, 'P030'),
(86, 1, 'P033'),
(87, 1, 'P097'),
(104, 1, 'P029'),
(104, 1, 'P031'),
(104, 1, 'P034'),
(104, 1, 'P073'),
(105, 1, 'P029'),
(105, 1, 'P031'),
(105, 1, 'P034'),
(105, 1, 'P073'),
(105, 2, 'P081'),
(106, 1, 'P029'),
(106, 1, 'P031'),
(106, 1, 'P034'),
(106, 1, 'P073'),
(107, 1, 'P029'),
(107, 1, 'P031'),
(107, 1, 'P034'),
(107, 1, 'P073'),
(108, 1, 'P130'),
(109, 1, 'P107'),
(109, 1, 'P121'),
(110, 1, 'P005'),
(111, 1, 'P017'),
(111, 1, 'P069'),
(111, 1, 'P094'),
(111, 2, 'P111'),
(112, 1, 'P013'),
(112, 1, 'P014'),
(112, 2, 'P017'),
(112, 1, 'P033'),
(112, 1, 'P048'),
(112, 1, 'P062'),
(112, 1, 'P089'),
(112, 1, 'P094'),
(112, 1, 'P107'),
(112, 2, 'P111'),
(113, 1, 'P013'),
(114, 1, 'P033'),
(115, 1, 'P005'),
(116, 1, 'P130'),
(117, 1, 'P097'),
(118, 1, 'P130'),
(119, 1, 'P097'),
(119, 1, 'P107'),
(120, 2, 'P017'),
(120, 1, 'P092'),
(120, 2, 'P129'),
(121, 2, 'P077'),
(122, 2, 'P047'),
(123, 1, 'P130'),
(124, 1, 'P092'),
(125, 2, 'P017'),
(126, 1, 'P130'),
(127, 1, 'P094'),
(127, 1, 'P107'),
(127, 4, 'P129'),
(128, 1, 'P021'),
(128, 2, 'P047'),
(128, 2, 'P077'),
(128, 1, 'P111'),
(129, 2, 'P017'),
(129, 1, 'P107'),
(130, 1, 'P004'),
(130, 2, 'P129'),
(131, 2, 'P004'),
(131, 1, 'P069'),
(131, 4, 'P129'),
(132, 1, 'P019'),
(132, 1, 'P062'),
(132, 1, 'P063'),
(132, 1, 'P088'),
(132, 1, 'P093'),
(132, 2, 'P095'),
(132, 1, 'P111'),
(133, 1, 'P121'),
(133, 2, 'P123'),
(134, 1, 'P005'),
(134, 1, 'P013'),
(134, 1, 'P063'),
(134, 1, 'P068'),
(134, 1, 'P095'),
(134, 1, 'P097'),
(134, 1, 'P098'),
(134, 1, 'P115'),
(135, 1, 'P017'),
(135, 1, 'P021'),
(135, 1, 'P097'),
(135, 1, 'P107'),
(136, 1, 'P005'),
(136, 1, 'P069'),
(136, 4, 'P095'),
(136, 1, 'P097'),
(136, 1, 'P098'),
(136, 1, 'P108'),
(137, 1, 'P029'),
(137, 1, 'P034'),
(137, 1, 'P073'),
(139, 1, 'P019'),
(139, 1, 'P062'),
(139, 2, 'P095'),
(140, 1, 'P108'),
(140, 1, 'P109'),
(141, 1, 'P130'),
(142, 1, 'P062'),
(142, 1, 'P094'),
(142, 3, 'P095'),
(143, 1, 'P033'),
(143, 1, 'P092'),
(143, 1, 'P095'),
(144, 1, 'P019'),
(145, 1, 'P004'),
(145, 1, 'P017'),
(145, 1, 'P062'),
(146, 1, 'P063'),
(146, 1, 'P111'),
(147, 1, 'P013'),
(147, 1, 'P062'),
(147, 2, 'P094'),
(147, 1, 'P111'),
(148, 1, 'P004'),
(149, 1, 'P095'),
(150, 1, 'P019'),
(150, 1, 'P030'),
(150, 2, 'P033'),
(150, 1, 'P092'),
(151, 1, 'P019'),
(151, 1, 'P030'),
(152, 1, 'P019'),
(152, 1, 'P093'),
(153, 1, 'P019'),
(153, 1, 'P069'),
(154, 1, 'P019'),
(154, 1, 'P063'),
(154, 1, 'P094'),
(154, 1, 'P111'),
(155, 2, 'P006'),
(155, 1, 'P019'),
(155, 1, 'P062'),
(155, 1, 'P084'),
(156, 1, 'P019'),
(156, 1, 'P063'),
(156, 2, 'P095'),
(157, 1, 'P013'),
(157, 1, 'P022'),
(157, 2, 'P092'),
(177, 1, 'P007'),
(177, 1, 'P019'),
(177, 1, 'P073'),
(177, 1, 'P079'),
(177, 1, 'P097'),
(178, 1, 'P078'),
(179, 1, 'P034'),
(179, 2, 'P035'),
(180, 1, 'P069'),
(181, 2, 'P017'),
(182, 1, 'P022'),
(182, 1, 'P093'),
(183, 1, 'P013'),
(183, 2, 'P017'),
(183, 1, 'P033'),
(183, 1, 'P114'),
(184, 1, 'P005'),
(184, 2, 'P017'),
(184, 1, 'P041'),
(184, 1, 'P093'),
(184, 1, 'P111'),
(185, 1, 'P005'),
(185, 1, 'P048'),
(186, 1, 'P048'),
(186, 1, 'P073'),
(186, 1, 'P084'),
(187, 1, 'P004'),
(188, 1, 'P002'),
(188, 1, 'P005'),
(188, 1, 'P012'),
(188, 1, 'P013'),
(188, 1, 'P030'),
(188, 1, 'P033'),
(188, 1, 'P038'),
(188, 1, 'P055'),
(188, 1, 'P061'),
(188, 1, 'P063'),
(188, 1, 'P065'),
(188, 1, 'P073'),
(188, 1, 'P092'),
(188, 1, 'P097'),
(188, 1, 'P102'),
(188, 1, 'P115'),
(188, 1, 'P125'),
(188, 1, 'P126'),
(189, 1, 'P002'),
(189, 1, 'P005'),
(189, 1, 'P012'),
(189, 1, 'P013'),
(189, 1, 'P030'),
(189, 1, 'P033'),
(189, 1, 'P038'),
(189, 1, 'P055'),
(189, 1, 'P063'),
(189, 1, 'P065'),
(189, 1, 'P069'),
(189, 1, 'P073'),
(189, 1, 'P092'),
(189, 1, 'P097'),
(189, 1, 'P102'),
(189, 1, 'P114'),
(189, 1, 'P115'),
(189, 1, 'P125'),
(189, 1, 'P126'),
(190, 1, 'P002'),
(190, 1, 'P004'),
(190, 1, 'P005'),
(190, 1, 'P013'),
(190, 1, 'P030'),
(190, 1, 'P033'),
(190, 1, 'P038'),
(190, 1, 'P055'),
(190, 1, 'P061'),
(190, 1, 'P063'),
(190, 1, 'P065'),
(190, 1, 'P073'),
(190, 1, 'P092'),
(190, 1, 'P097'),
(190, 1, 'P102'),
(190, 1, 'P115'),
(190, 1, 'P125'),
(190, 1, 'P126'),
(191, 1, 'P002'),
(191, 1, 'P005'),
(191, 1, 'P030'),
(191, 1, 'P033'),
(191, 1, 'P038'),
(191, 1, 'P055'),
(191, 1, 'P061'),
(191, 1, 'P063'),
(191, 1, 'P065'),
(191, 1, 'P069'),
(191, 1, 'P073'),
(191, 1, 'P092'),
(191, 1, 'P097'),
(191, 1, 'P102'),
(191, 1, 'P115'),
(191, 1, 'P125'),
(191, 1, 'P126'),
(192, 1, 'P002'),
(192, 1, 'P005'),
(192, 1, 'P012'),
(192, 1, 'P030'),
(192, 1, 'P038'),
(192, 1, 'P055'),
(192, 1, 'P061'),
(192, 1, 'P063'),
(192, 1, 'P065'),
(192, 1, 'P069'),
(192, 1, 'P073'),
(192, 1, 'P092'),
(192, 2, 'P095'),
(192, 1, 'P097'),
(192, 1, 'P102'),
(192, 1, 'P115'),
(192, 1, 'P125'),
(192, 1, 'P126'),
(192, 1, 'P127'),
(193, 1, 'P002'),
(193, 1, 'P004'),
(193, 1, 'P005'),
(193, 1, 'P012'),
(193, 1, 'P013'),
(193, 2, 'P017'),
(193, 1, 'P030'),
(193, 1, 'P033'),
(193, 1, 'P038'),
(193, 1, 'P055'),
(193, 1, 'P061'),
(193, 1, 'P063'),
(193, 1, 'P065'),
(193, 1, 'P073'),
(193, 1, 'P092'),
(193, 1, 'P097'),
(193, 1, 'P102'),
(193, 2, 'P115'),
(193, 1, 'P116'),
(193, 1, 'P125'),
(193, 1, 'P126'),
(194, 1, 'P005'),
(194, 1, 'P013'),
(194, 1, 'P038'),
(194, 1, 'P044'),
(194, 1, 'P055'),
(194, 1, 'P057'),
(194, 1, 'P063'),
(194, 1, 'P065'),
(194, 1, 'P073'),
(194, 1, 'P086'),
(194, 1, 'P092'),
(194, 1, 'P095'),
(194, 1, 'P097'),
(194, 1, 'P102'),
(194, 1, 'P111'),
(194, 1, 'P125'),
(194, 1, 'P126'),
(195, 1, 'P005'),
(195, 1, 'P013'),
(195, 2, 'P017'),
(195, 1, 'P029'),
(195, 1, 'P033'),
(195, 1, 'P034'),
(195, 1, 'P038'),
(195, 1, 'P055'),
(195, 1, 'P057'),
(195, 1, 'P065'),
(195, 1, 'P073'),
(195, 1, 'P092'),
(195, 1, 'P094'),
(195, 1, 'P097'),
(195, 1, 'P102'),
(195, 1, 'P125'),
(196, 1, 'P005'),
(196, 1, 'P007'),
(196, 2, 'P017'),
(196, 1, 'P033'),
(196, 1, 'P038'),
(196, 1, 'P052'),
(196, 1, 'P055'),
(196, 1, 'P057'),
(196, 1, 'P061'),
(196, 1, 'P063'),
(196, 1, 'P065'),
(196, 1, 'P073'),
(196, 1, 'P086'),
(196, 1, 'P092'),
(196, 1, 'P097'),
(196, 1, 'P098'),
(196, 1, 'P102'),
(196, 1, 'P117'),
(196, 1, 'P125'),
(196, 1, 'P126'),
(197, 1, 'P005'),
(197, 1, 'P012'),
(197, 1, 'P013'),
(197, 2, 'P017'),
(197, 1, 'P029'),
(197, 1, 'P033'),
(197, 1, 'P034'),
(197, 1, 'P038'),
(197, 1, 'P055'),
(197, 1, 'P057'),
(197, 1, 'P061'),
(197, 1, 'P063'),
(197, 1, 'P065'),
(197, 1, 'P073'),
(197, 1, 'P092'),
(197, 1, 'P093'),
(197, 1, 'P102'),
(197, 1, 'P111'),
(197, 1, 'P125'),
(198, 1, 'P001'),
(198, 1, 'P005'),
(198, 1, 'P012'),
(198, 1, 'P013'),
(198, 1, 'P016'),
(198, 1, 'P030'),
(198, 1, 'P033'),
(198, 1, 'P038'),
(198, 1, 'P055'),
(198, 1, 'P060'),
(198, 1, 'P063'),
(198, 1, 'P065'),
(198, 1, 'P073'),
(198, 1, 'P088'),
(198, 1, 'P092'),
(198, 1, 'P093'),
(198, 1, 'P098'),
(198, 2, 'P102'),
(198, 1, 'P111'),
(198, 1, 'P116'),
(198, 2, 'P123'),
(198, 1, 'P125'),
(199, 1, 'P001'),
(199, 1, 'P005'),
(199, 1, 'P012'),
(199, 1, 'P013'),
(199, 1, 'P029'),
(199, 1, 'P034'),
(199, 1, 'P038'),
(199, 1, 'P055'),
(199, 1, 'P063'),
(199, 1, 'P065'),
(199, 1, 'P073'),
(199, 1, 'P092'),
(199, 1, 'P093'),
(199, 1, 'P094'),
(199, 1, 'P102'),
(199, 1, 'P115'),
(199, 1, 'P116'),
(199, 1, 'P125'),
(199, 1, 'P126'),
(209, 1, 'P019'),
(209, 1, 'P079'),
(209, 1, 'P088'),
(210, 1, 'P004'),
(210, 1, 'P006'),
(210, 1, 'P089'),
(211, 1, 'P061'),
(211, 1, 'P084'),
(212, 1, 'P095'),
(213, 1, 'P007'),
(213, 1, 'P019'),
(213, 1, 'P079'),
(213, 2, 'P123'),
(214, 1, 'P063'),
(215, 1, 'P062'),
(215, 1, 'P111'),
(216, 1, 'P005'),
(216, 1, 'P063'),
(217, 1, 'P019'),
(217, 1, 'P029'),
(217, 1, 'P034'),
(217, 1, 'P079'),
(217, 1, 'P097'),
(218, 1, 'P019'),
(218, 1, 'P073'),
(218, 1, 'P079'),
(219, 1, 'P019'),
(219, 1, 'P034'),
(219, 1, 'P093'),
(219, 1, 'P121'),
(220, 1, 'P019'),
(220, 1, 'P079'),
(220, 1, 'P097'),
(221, 1, 'P107'),
(246, 1, 'P130'),
(247, 1, 'P038'),
(247, 1, 'P124'),
(248, 1, 'P130'),
(249, 1, 'P063'),
(249, 1, 'P107'),
(250, 1, 'P093'),
(250, 1, 'P107'),
(251, 1, 'P107'),
(252, 1, 'P005'),
(253, 1, 'P130'),
(254, 1, 'P063'),
(255, 1, 'P033'),
(256, 1, 'P130'),
(257, 1, 'P019'),
(257, 1, 'P061'),
(258, 1, 'P023'),
(259, 1, 'P005'),
(259, 1, 'P063'),
(260, 1, 'P019'),
(260, 1, 'P055'),
(261, 1, 'P005'),
(261, 1, 'P013'),
(261, 1, 'P033'),
(261, 1, 'P068'),
(262, 1, 'P007'),
(262, 1, 'P019'),
(262, 1, 'P079'),
(262, 2, 'P123'),
(263, 1, 'P034'),
(263, 1, 'P063'),
(263, 1, 'P073'),
(263, 1, 'P093'),
(264, 1, 'P004'),
(264, 1, 'P006'),
(264, 1, 'P129'),
(265, 2, 'P017'),
(265, 1, 'P095'),
(266, 2, 'P006'),
(266, 1, 'P048'),
(266, 1, 'P084'),
(267, 1, 'P012'),
(267, 2, 'P017'),
(267, 1, 'P084'),
(267, 1, 'P107'),
(268, 2, 'P017'),
(268, 1, 'P097'),
(269, 1, 'P017'),
(269, 1, 'P048'),
(270, 2, 'P017'),
(271, 1, 'P048'),
(271, 1, 'P084'),
(272, 1, 'P092'),
(274, 3, 'P009'),
(274, 1, 'P019'),
(275, 1, 'P092'),
(276, 1, 'P093'),
(277, 1, 'P017'),
(278, 1, 'P130'),
(279, 1, 'P005'),
(279, 1, 'P019'),
(279, 1, 'P092'),
(280, 1, 'P019'),
(323, 1, 'P005'),
(323, 1, 'P030'),
(323, 1, 'P033'),
(323, 1, 'P034'),
(323, 1, 'P068'),
(323, 1, 'P126'),
(324, 2, 'P017'),
(324, 1, 'P048'),
(324, 1, 'P107'),
(324, 1, 'P129'),
(325, 1, 'P048'),
(325, 1, 'P129'),
(326, 1, 'P048'),
(327, 1, 'P029'),
(327, 1, 'P034'),
(327, 2, 'P081'),
(328, 2, 'P017'),
(328, 1, 'P030'),
(328, 1, 'P063'),
(329, 1, 'P069'),
(329, 1, 'P107'),
(330, 1, 'P012'),
(330, 1, 'P029'),
(330, 1, 'P034'),
(330, 2, 'P081'),
(331, 2, 'P017'),
(331, 1, 'P092'),
(332, 1, 'P038'),
(332, 1, 'P079'),
(332, 1, 'P117'),
(333, 1, 'P130'),
(334, 1, 'P007'),
(334, 1, 'P029'),
(334, 1, 'P034'),
(334, 1, 'P038'),
(334, 1, 'P073'),
(334, 1, 'P121'),
(335, 1, 'P004'),
(336, 1, 'P019'),
(337, 1, 'P130'),
(338, 4, 'P006'),
(338, 1, 'P019'),
(339, 1, 'P019'),
(339, 1, 'P022'),
(339, 2, 'P095'),
(340, 1, 'P130'),
(341, 1, 'P019'),
(341, 1, 'P061'),
(341, 2, 'P094'),
(342, 1, 'P002'),
(342, 1, 'P005'),
(342, 1, 'P012'),
(342, 1, 'P013'),
(342, 1, 'P030'),
(342, 1, 'P033'),
(342, 1, 'P038'),
(342, 1, 'P055'),
(342, 1, 'P063'),
(342, 1, 'P065'),
(342, 1, 'P069'),
(342, 1, 'P073'),
(342, 1, 'P092'),
(342, 1, 'P097'),
(342, 1, 'P102'),
(342, 1, 'P114'),
(342, 1, 'P115'),
(342, 1, 'P117'),
(342, 1, 'P121'),
(342, 1, 'P125'),
(342, 1, 'P126'),
(343, 1, 'P002'),
(343, 1, 'P005'),
(343, 1, 'P012'),
(343, 1, 'P013'),
(343, 1, 'P030'),
(343, 1, 'P033'),
(343, 1, 'P038'),
(343, 1, 'P055'),
(343, 1, 'P063'),
(343, 1, 'P065'),
(343, 1, 'P073'),
(343, 1, 'P088'),
(343, 1, 'P092'),
(343, 1, 'P097'),
(343, 1, 'P102'),
(343, 1, 'P115'),
(343, 1, 'P121'),
(343, 2, 'P123'),
(343, 1, 'P125'),
(343, 1, 'P126'),
(344, 1, 'P002'),
(344, 1, 'P004'),
(344, 1, 'P005'),
(344, 1, 'P013'),
(344, 1, 'P030'),
(344, 1, 'P033'),
(344, 1, 'P038'),
(344, 1, 'P055'),
(344, 1, 'P061'),
(344, 1, 'P063'),
(344, 1, 'P065'),
(344, 1, 'P073'),
(344, 1, 'P092'),
(344, 1, 'P097'),
(344, 1, 'P102'),
(344, 1, 'P115'),
(344, 1, 'P125'),
(344, 1, 'P126'),
(345, 350, 'P002'),
(345, 900, 'P005'),
(345, 180, 'P030'),
(345, 250, 'P033'),
(345, 140, 'P038'),
(345, 200, 'P055'),
(345, 150, 'P063'),
(345, 900, 'P065'),
(345, 700, 'P069'),
(345, 350, 'P073'),
(345, 300, 'P092'),
(345, 120, 'P097'),
(345, 200, 'P102'),
(345, 150, 'P115'),
(345, 200, 'P125'),
(345, 150, 'P126'),
(346, 1, 'P002'),
(346, 1, 'P005'),
(346, 1, 'P012'),
(346, 1, 'P029'),
(346, 1, 'P030'),
(346, 1, 'P034'),
(346, 1, 'P038'),
(346, 1, 'P055'),
(346, 1, 'P063'),
(346, 1, 'P065'),
(346, 1, 'P069'),
(346, 1, 'P073'),
(346, 1, 'P092'),
(346, 2, 'P095'),
(346, 1, 'P097'),
(346, 1, 'P102'),
(346, 1, 'P115'),
(346, 1, 'P125'),
(346, 1, 'P126'),
(346, 1, 'P127'),
(347, 1, 'P002'),
(347, 1, 'P004'),
(347, 1, 'P005'),
(347, 1, 'P012'),
(347, 1, 'P013'),
(347, 2, 'P017'),
(347, 1, 'P029'),
(347, 1, 'P030'),
(347, 1, 'P033'),
(347, 1, 'P034'),
(347, 1, 'P038'),
(347, 1, 'P055'),
(347, 1, 'P063'),
(347, 1, 'P065'),
(347, 1, 'P073'),
(347, 1, 'P092'),
(347, 1, 'P097'),
(347, 1, 'P102'),
(347, 2, 'P115'),
(347, 1, 'P116'),
(347, 1, 'P125'),
(347, 1, 'P126'),
(348, 1, 'P002'),
(348, 1, 'P019'),
(348, 1, 'P034'),
(348, 1, 'P117'),
(349, 2, 'P017'),
(350, 1, 'P019'),
(350, 1, 'P028'),
(350, 1, 'P034'),
(350, 1, 'P073'),
(351, 1, 'P019'),
(351, 1, 'P034'),
(351, 1, 'P073'),
(352, 1, 'P069'),
(353, 1, 'P002'),
(353, 3, 'P006'),
(353, 1, 'P019'),
(353, 1, 'P117'),
(354, 1, 'P004'),
(354, 2, 'P006'),
(354, 1, 'P062'),
(354, 2, 'P111'),
(355, 1, 'P019'),
(355, 1, 'P034'),
(355, 1, 'P073'),
(355, 2, 'P081'),
(356, 1, 'P076'),
(357, 1, 'P019'),
(357, 1, 'P034'),
(357, 1, 'P073'),
(357, 2, 'P081'),
(358, 1, 'P012'),
(358, 1, 'P019'),
(358, 1, 'P030'),
(358, 1, 'P054'),
(358, 1, 'P063'),
(358, 1, 'P073'),
(358, 1, 'P114'),
(358, 2, 'P123'),
(359, 1, 'P004'),
(360, 1, 'P004'),
(360, 1, 'P019'),
(360, 1, 'P034'),
(360, 2, 'P081'),
(360, 1, 'P093'),
(361, 1, 'P004'),
(361, 1, 'P095'),
(361, 1, 'P107'),
(361, 1, 'P114'),
(362, 1, 'P019'),
(362, 1, 'P121'),
(363, 1, 'P084'),
(363, 1, 'P093'),
(364, 1, 'P019'),
(364, 1, 'P029'),
(364, 1, 'P034'),
(364, 1, 'P073'),
(365, 1, 'P084'),
(365, 1, 'P107'),
(366, 1, 'P022'),
(366, 1, 'P073'),
(366, 1, 'P093'),
(367, 2, 'P029'),
(367, 1, 'P034'),
(367, 1, 'P073'),
(368, 1, 'P019'),
(368, 2, 'P029'),
(368, 1, 'P034'),
(368, 1, 'P073'),
(368, 2, 'P081'),
(369, 1, 'P130'),
(370, 1, 'P019'),
(371, 1, 'P048'),
(371, 1, 'P073'),
(372, 3, 'P006'),
(372, 1, 'P017'),
(372, 1, 'P107'),
(373, 1, 'P004'),
(373, 1, 'P012'),
(373, 1, 'P107'),
(374, 1, 'P019'),
(374, 1, 'P029'),
(374, 1, 'P034'),
(375, 1, 'P063'),
(375, 1, 'P108'),
(376, 1, 'P004'),
(376, 1, 'P030'),
(376, 1, 'P114'),
(377, 2, 'P017'),
(377, 1, 'P029'),
(377, 1, 'P030'),
(377, 1, 'P034'),
(377, 1, 'P095'),
(377, 1, 'P097'),
(377, 1, 'P114'),
(378, 1, 'P095'),
(379, 1, 'P130'),
(380, 1, 'P004'),
(380, 4, 'P006'),
(380, 2, 'P017'),
(380, 1, 'P030'),
(381, 1, 'P002'),
(381, 3, 'P006'),
(381, 2, 'P017'),
(381, 1, 'P097'),
(381, 1, 'P107'),
(382, 1, 'P130'),
(383, 1, 'P095'),
(384, 1, 'P086'),
(385, 2, 'P095'),
(427, 1, 'P019'),
(427, 1, 'P097'),
(427, 1, 'P107'),
(427, 1, 'P121'),
(428, 2, 'P006'),
(428, 2, 'P017'),
(428, 1, 'P097'),
(428, 1, 'P107'),
(428, 1, 'P115'),
(428, 1, 'P116'),
(429, 2, 'P017'),
(429, 4, 'P046'),
(429, 1, 'P063'),
(429, 1, 'P109'),
(430, 1, 'P019'),
(430, 1, 'P092'),
(430, 1, 'P097'),
(431, 1, 'P017'),
(431, 1, 'P019'),
(431, 1, 'P094'),
(431, 1, 'P107'),
(431, 1, 'P121'),
(432, 1, 'P004'),
(432, 1, 'P030'),
(432, 1, 'P097'),
(432, 1, 'P108'),
(432, 1, 'P109'),
(433, 4, 'P006'),
(433, 2, 'P017'),
(433, 1, 'P019'),
(433, 1, 'P062'),
(433, 1, 'P097'),
(433, 1, 'P121'),
(434, 1, 'P005'),
(434, 4, 'P006'),
(434, 2, 'P017'),
(434, 2, 'P024'),
(435, 2, 'P024'),
(435, 1, 'P048'),
(435, 1, 'P092'),
(435, 1, 'P107'),
(436, 2, 'P017'),
(436, 2, 'P024'),
(436, 1, 'P062'),
(436, 1, 'P089'),
(437, 1, 'P013'),
(437, 1, 'P033'),
(437, 1, 'P092'),
(437, 1, 'P097'),
(438, 2, 'P017'),
(438, 1, 'P019'),
(438, 1, 'P034'),
(438, 1, 'P062'),
(438, 1, 'P089'),
(438, 1, 'P121'),
(439, 2, 'P017'),
(439, 1, 'P019'),
(439, 1, 'P021'),
(439, 1, 'P022'),
(439, 1, 'P097'),
(439, 1, 'P098'),
(439, 1, 'P121'),
(440, 2, 'P017'),
(440, 1, 'P068'),
(441, 4, 'P006'),
(441, 1, 'P012'),
(441, 2, 'P017'),
(442, 1, 'P018'),
(442, 1, 'P019'),
(442, 1, 'P021'),
(442, 1, 'P088'),
(442, 1, 'P097'),
(442, 1, 'P121'),
(443, 1, 'P004'),
(443, 1, 'P016'),
(443, 2, 'P017'),
(444, 2, 'P017'),
(444, 2, 'P024'),
(444, 1, 'P063'),
(445, 1, 'P012'),
(445, 2, 'P017'),
(446, 1, 'P005'),
(446, 1, 'P063'),
(447, 1, 'P005'),
(447, 1, 'P012'),
(447, 1, 'P013'),
(447, 1, 'P017'),
(447, 1, 'P033'),
(447, 1, 'P034'),
(447, 1, 'P038'),
(447, 1, 'P055'),
(447, 1, 'P063'),
(447, 1, 'P065'),
(447, 1, 'P069'),
(447, 1, 'P073'),
(447, 1, 'P086'),
(447, 1, 'P092'),
(447, 1, 'P093'),
(447, 2, 'P094'),
(447, 1, 'P097'),
(447, 1, 'P098'),
(447, 1, 'P102'),
(447, 1, 'P114'),
(447, 1, 'P115'),
(447, 1, 'P116'),
(447, 1, 'P125'),
(447, 1, 'P126'),
(448, 2, 'P005'),
(448, 1, 'P012'),
(448, 1, 'P013'),
(448, 1, 'P017'),
(448, 1, 'P030'),
(448, 0, 'P033'),
(448, 1, 'P038'),
(448, 1, 'P055'),
(448, 1, 'P063'),
(448, 1, 'P065'),
(448, 1, 'P069'),
(448, 1, 'P073'),
(448, 1, 'P092'),
(448, 1, 'P097'),
(448, 1, 'P102'),
(448, 2, 'P114'),
(448, 1, 'P115'),
(448, 1, 'P125'),
(448, 1, 'P126'),
(449, 1, 'P005'),
(449, 1, 'P012'),
(449, 1, 'P013'),
(449, 1, 'P030'),
(449, 1, 'P033'),
(449, 1, 'P034'),
(449, 1, 'P038'),
(449, 1, 'P055'),
(449, 1, 'P065'),
(449, 1, 'P073'),
(449, 1, 'P092'),
(449, 1, 'P094'),
(449, 1, 'P097'),
(449, 1, 'P098'),
(449, 1, 'P102'),
(449, 1, 'P111'),
(449, 1, 'P114'),
(449, 1, 'P115'),
(449, 1, 'P125'),
(449, 1, 'P126'),
(450, 1, 'P002'),
(450, 1, 'P004'),
(450, 1, 'P005'),
(450, 1, 'P012'),
(450, 1, 'P013'),
(450, 1, 'P030'),
(450, 1, 'P033'),
(450, 1, 'P038'),
(450, 1, 'P055'),
(450, 2, 'P063'),
(450, 1, 'P065'),
(450, 1, 'P073'),
(450, 1, 'P092'),
(450, 1, 'P093'),
(450, 1, 'P097'),
(450, 1, 'P098'),
(450, 1, 'P102'),
(450, 1, 'P115'),
(450, 1, 'P125'),
(450, 1, 'P126'),
(451, 1, 'P005'),
(451, 1, 'P012'),
(451, 1, 'P013'),
(451, 1, 'P030'),
(451, 1, 'P033'),
(451, 1, 'P038'),
(451, 2, 'P049'),
(451, 1, 'P055'),
(451, 1, 'P062'),
(451, 1, 'P063'),
(451, 1, 'P065'),
(451, 1, 'P069'),
(451, 1, 'P073'),
(451, 1, 'P086'),
(451, 1, 'P092'),
(451, 1, 'P097'),
(451, 1, 'P102'),
(451, 1, 'P114'),
(451, 1, 'P115'),
(451, 1, 'P116'),
(451, 1, 'P125'),
(451, 1, 'P126'),
(452, 1, 'P005'),
(452, 1, 'P012'),
(452, 1, 'P013'),
(452, 2, 'P017'),
(452, 1, 'P030'),
(452, 1, 'P033'),
(452, 1, 'P034'),
(452, 1, 'P038'),
(452, 1, 'P055'),
(452, 1, 'P063'),
(452, 1, 'P065'),
(452, 1, 'P073'),
(452, 1, 'P089'),
(452, 1, 'P092'),
(452, 2, 'P095'),
(452, 1, 'P097'),
(452, 1, 'P102'),
(452, 1, 'P125'),
(452, 1, 'P126'),
(453, 1, 'P019'),
(453, 1, 'P034'),
(454, 1, 'P013'),
(454, 2, 'P024'),
(454, 1, 'P033'),
(454, 1, 'P086'),
(454, 1, 'P092'),
(454, 1, 'P108'),
(454, 1, 'P114'),
(455, 1, 'P103'),
(455, 1, 'P108'),
(456, 1, 'P063'),
(456, 2, 'P095'),
(456, 1, 'P108'),
(457, 1, 'P004'),
(457, 2, 'P017'),
(457, 1, 'P084'),
(457, 2, 'P095'),
(457, 1, 'P107'),
(457, 2, 'P129'),
(458, 1, 'P019'),
(458, 1, 'P029'),
(458, 1, 'P030'),
(458, 1, 'P034'),
(459, 1, 'P013'),
(459, 1, 'P030'),
(459, 1, 'P033'),
(459, 1, 'P062'),
(459, 1, 'P094'),
(459, 1, 'P109'),
(460, 1, 'P012'),
(460, 1, 'P013'),
(460, 2, 'P017'),
(460, 1, 'P021'),
(460, 1, 'P033'),
(460, 1, 'P089'),
(460, 1, 'P092'),
(460, 1, 'P097'),
(461, 1, 'P002'),
(461, 1, 'P005'),
(461, 1, 'P012'),
(461, 1, 'P013'),
(461, 2, 'P017'),
(461, 1, 'P030'),
(461, 1, 'P033'),
(461, 1, 'P057'),
(461, 1, 'P092'),
(461, 1, 'P114'),
(461, 1, 'P116'),
(462, 2, 'P017'),
(462, 1, 'P097'),
(462, 1, 'P107'),
(463, 1, 'P012'),
(463, 2, 'P017'),
(463, 6, 'P129'),
(506, 1, 'P004'),
(506, 1, 'P012'),
(506, 1, 'P117'),
(507, 1, 'P107'),
(508, 1, 'P002'),
(508, 3, 'P006'),
(508, 1, 'P019'),
(508, 1, 'P057'),
(508, 1, 'P069'),
(508, 1, 'P107'),
(508, 1, 'P114'),
(509, 1, 'P093'),
(510, 1, 'P019'),
(510, 1, 'P034'),
(511, 1, 'P005'),
(511, 1, 'P019'),
(511, 1, 'P086'),
(511, 1, 'P093'),
(511, 1, 'P109'),
(512, 1, 'P019'),
(512, 1, 'P031'),
(512, 1, 'P034'),
(513, 3, 'P006'),
(513, 1, 'P107'),
(514, 1, 'P019'),
(514, 1, 'P088'),
(514, 1, 'P117'),
(514, 1, 'P121'),
(515, 1, 'P013'),
(515, 1, 'P019'),
(515, 1, 'P033'),
(515, 1, 'P063'),
(516, 1, 'P130'),
(517, 1, 'P004'),
(517, 1, 'P005'),
(517, 1, 'P033'),
(517, 1, 'P108'),
(518, 1, 'P109'),
(519, 1, 'P005'),
(519, 1, 'P019'),
(519, 1, 'P044'),
(519, 1, 'P092'),
(519, 2, 'P095'),
(520, 2, 'P017'),
(520, 1, 'P030'),
(520, 1, 'P107'),
(521, 1, 'P019'),
(521, 1, 'P062'),
(521, 1, 'P095'),
(522, 1, 'P019'),
(522, 1, 'P092'),
(523, 1, 'P034'),
(523, 1, 'P073'),
(524, 1, 'P114'),
(525, 1, 'P019'),
(526, 1, 'P026'),
(526, 1, 'P117'),
(527, 2, 'P006'),
(527, 1, 'P012'),
(527, 1, 'P017'),
(527, 1, 'P083'),
(528, 1, 'P011'),
(528, 1, 'P128'),
(529, 1, 'P130'),
(530, 2, 'P017'),
(530, 1, 'P092'),
(530, 1, 'P107'),
(531, 3, 'P006'),
(531, 1, 'P010'),
(531, 1, 'P092'),
(532, 1, 'P006'),
(532, 1, 'P038'),
(532, 1, 'P089'),
(532, 1, 'P128'),
(533, 1, 'P087'),
(534, 1, 'P012'),
(534, 1, 'P017'),
(534, 1, 'P095'),
(534, 1, 'P107'),
(534, 1, 'P128'),
(535, 1, 'P019'),
(535, 1, 'P095'),
(535, 1, 'P117'),
(535, 1, 'P121'),
(535, 1, 'P128'),
(536, 1, 'P005'),
(536, 2, 'P017'),
(536, 1, 'P063'),
(536, 1, 'P092'),
(536, 1, 'P107'),
(536, 1, 'P108'),
(537, 5, 'P006'),
(538, 1, 'P012'),
(539, 1, 'P030'),
(540, 1, 'P033'),
(541, 1, 'P013'),
(542, 1, 'P128'),
(543, 1, 'P019'),
(543, 1, 'P092'),
(543, 1, 'P093'),
(543, 1, 'P097'),
(544, 1, 'P019'),
(544, 1, 'P034'),
(544, 1, 'P037'),
(545, 1, 'P048'),
(546, 1, 'P001'),
(546, 1, 'P003'),
(546, 1, 'P005'),
(546, 1, 'P010'),
(546, 1, 'P013'),
(546, 1, 'P022'),
(546, 1, 'P033'),
(546, 1, 'P089'),
(546, 1, 'P092'),
(546, 1, 'P096'),
(546, 1, 'P097'),
(546, 1, 'P105'),
(547, 1, 'P093'),
(547, 1, 'P115'),
(548, 1, 'P062'),
(548, 1, 'P094'),
(549, 1, 'P004'),
(549, 1, 'P094'),
(550, 2, 'P006'),
(550, 1, 'P030'),
(550, 1, 'P114'),
(551, 1, 'P004'),
(551, 5, 'P006'),
(552, 5, 'P006'),
(552, 1, 'P030'),
(552, 1, 'P033'),
(553, 1, 'P017'),
(553, 1, 'P107'),
(579, 1, 'P029'),
(579, 1, 'P034'),
(580, 1, 'P029'),
(580, 1, 'P034'),
(581, 1, 'P005'),
(581, 1, 'P012'),
(581, 1, 'P013'),
(581, 1, 'P016'),
(581, 1, 'P030'),
(581, 1, 'P033'),
(581, 1, 'P038'),
(581, 1, 'P044'),
(581, 1, 'P055'),
(581, 1, 'P057'),
(581, 1, 'P061'),
(581, 1, 'P063'),
(581, 1, 'P065'),
(581, 2, 'P067'),
(581, 1, 'P069'),
(581, 1, 'P073'),
(581, 1, 'P086'),
(581, 1, 'P092'),
(581, 1, 'P102'),
(581, 1, 'P125'),
(581, 1, 'P126'),
(582, 1, 'P130'),
(583, 1, 'P004'),
(583, 1, 'P005'),
(583, 1, 'P012'),
(583, 1, 'P013'),
(583, 1, 'P030'),
(583, 1, 'P033'),
(583, 1, 'P038'),
(583, 1, 'P055'),
(583, 1, 'P057'),
(583, 1, 'P061'),
(583, 1, 'P065'),
(583, 2, 'P067'),
(583, 1, 'P073'),
(583, 1, 'P086'),
(583, 1, 'P092'),
(583, 1, 'P095'),
(583, 1, 'P097'),
(583, 1, 'P102'),
(583, 1, 'P125'),
(583, 1, 'P126'),
(584, 1, 'P005'),
(584, 1, 'P012'),
(584, 1, 'P021'),
(584, 1, 'P033'),
(584, 1, 'P038'),
(584, 1, 'P055'),
(584, 1, 'P057'),
(584, 1, 'P065'),
(584, 1, 'P073'),
(584, 1, 'P092'),
(584, 1, 'P102'),
(584, 1, 'P114'),
(584, 1, 'P125'),
(584, 1, 'P126'),
(585, 1, 'P005'),
(585, 5, 'P006'),
(585, 1, 'P012'),
(585, 1, 'P013'),
(585, 1, 'P030'),
(585, 1, 'P033'),
(585, 1, 'P038'),
(585, 1, 'P055'),
(585, 1, 'P057'),
(585, 1, 'P062'),
(585, 1, 'P063'),
(585, 1, 'P065'),
(585, 1, 'P073'),
(585, 1, 'P092'),
(585, 1, 'P093'),
(585, 1, 'P094'),
(585, 1, 'P097'),
(585, 1, 'P102'),
(585, 1, 'P125'),
(585, 1, 'P126'),
(586, 1, 'P004'),
(586, 1, 'P005'),
(586, 1, 'P012'),
(586, 1, 'P013'),
(586, 1, 'P030'),
(586, 1, 'P033'),
(586, 1, 'P038'),
(586, 1, 'P055'),
(586, 1, 'P057'),
(586, 1, 'P065'),
(586, 1, 'P073'),
(586, 1, 'P092'),
(586, 4, 'P095'),
(586, 1, 'P102'),
(586, 1, 'P120'),
(586, 1, 'P125'),
(586, 1, 'P126'),
(587, 3, 'P006'),
(587, 1, 'P013'),
(587, 1, 'P019'),
(587, 1, 'P033'),
(587, 1, 'P063'),
(587, 1, 'P092'),
(588, 1, 'P019'),
(588, 1, 'P107'),
(588, 1, 'P108'),
(588, 1, 'P121'),
(589, 2, 'P017'),
(589, 1, 'P019'),
(590, 1, 'P033'),
(590, 1, 'P048'),
(590, 1, 'P092'),
(591, 1, 'P019'),
(591, 1, 'P097'),
(591, 1, 'P121'),
(591, 2, 'P123'),
(592, 1, 'P130'),
(593, 1, 'P005'),
(593, 2, 'P017'),
(593, 1, 'P019'),
(593, 1, 'P030'),
(593, 1, 'P062'),
(593, 1, 'P121'),
(594, 3, 'P006'),
(594, 1, 'P013'),
(594, 1, 'P019'),
(594, 1, 'P033'),
(594, 1, 'P092'),
(594, 1, 'P107'),
(594, 1, 'P121'),
(594, 2, 'P126'),
(595, 1, 'P019'),
(595, 1, 'P044'),
(595, 2, 'P095'),
(595, 1, 'P107'),
(595, 1, 'P108'),
(595, 1, 'P121'),
(596, 1, 'P001'),
(596, 1, 'P005'),
(596, 3, 'P006'),
(596, 1, 'P013'),
(596, 1, 'P019'),
(596, 1, 'P022'),
(596, 1, 'P030'),
(596, 1, 'P033'),
(596, 1, 'P105'),
(597, 2, 'P024'),
(597, 1, 'P063'),
(597, 1, 'P092'),
(597, 1, 'P107'),
(598, 1, 'P130'),
(599, 2, 'P017'),
(599, 1, 'P094'),
(600, 1, 'P092'),
(600, 1, 'P094'),
(601, 1, 'P107'),
(601, 2, 'P129'),
(602, 4, 'P010'),
(602, 1, 'P107'),
(603, 1, 'P017'),
(603, 1, 'P029'),
(603, 1, 'P034'),
(604, 1, 'P130'),
(605, 4, 'P010'),
(605, 1, 'P041'),
(605, 1, 'P063'),
(605, 1, 'P092'),
(605, 1, 'P107'),
(606, 1, 'P013'),
(606, 1, 'P033'),
(606, 1, 'P093'),
(606, 1, 'P107'),
(607, 2, 'P095'),
(607, 1, 'P105'),
(607, 1, 'P108'),
(608, 1, 'P092'),
(608, 4, 'P095'),
(608, 1, 'P111'),
(609, 1, 'P005'),
(609, 2, 'P024'),
(609, 1, 'P094'),
(609, 1, 'P108'),
(609, 2, 'P129'),
(610, 2, 'P129'),
(611, 1, 'P014'),
(611, 1, 'P019'),
(611, 1, 'P034'),
(611, 1, 'P062'),
(611, 1, 'P092'),
(611, 1, 'P107'),
(611, 1, 'P111'),
(612, 1, 'P004'),
(612, 1, 'P017'),
(612, 1, 'P034'),
(612, 1, 'P063'),
(612, 1, 'P107'),
(613, 1, 'P130'),
(614, 1, 'P063'),
(614, 1, 'P092'),
(614, 1, 'P107'),
(615, 1, 'P019'),
(615, 1, 'P060'),
(615, 1, 'P113'),
(615, 2, 'P123'),
(616, 1, 'P019'),
(616, 1, 'P033'),
(616, 1, 'P068'),
(616, 1, 'P092'),
(616, 1, 'P094'),
(617, 1, 'P013'),
(617, 1, 'P033'),
(617, 1, 'P092'),
(660, 1, 'P030'),
(660, 1, 'P033'),
(660, 1, 'P057'),
(660, 1, 'P062'),
(660, 1, 'P084'),
(660, 1, 'P107'),
(660, 5, 'P129'),
(661, 1, 'P094'),
(661, 5, 'P129'),
(662, 1, 'P005'),
(662, 1, 'P092'),
(663, 1, 'P019'),
(663, 1, 'P107'),
(663, 1, 'P117'),
(663, 5, 'P129'),
(664, 2, 'P017'),
(664, 1, 'P018'),
(664, 2, 'P019'),
(664, 1, 'P030'),
(664, 1, 'P088'),
(665, 1, 'P019'),
(665, 1, 'P057'),
(665, 1, 'P117'),
(666, 1, 'P017'),
(666, 1, 'P019'),
(666, 1, 'P088'),
(666, 1, 'P117'),
(667, 1, 'P007'),
(667, 1, 'P019'),
(667, 1, 'P079'),
(667, 2, 'P123'),
(668, 1, 'P030'),
(668, 1, 'P115'),
(669, 1, 'P007'),
(669, 2, 'P123'),
(670, 1, 'P004'),
(670, 3, 'P006'),
(670, 1, 'P107'),
(670, 5, 'P129'),
(671, 1, 'P084'),
(672, 1, 'P130'),
(673, 1, 'P013'),
(673, 2, 'P017'),
(673, 1, 'P092'),
(674, 1, 'P019'),
(674, 1, 'P034'),
(674, 2, 'P035'),
(674, 1, 'P073'),
(675, 1, 'P017'),
(675, 1, 'P097'),
(675, 1, 'P111'),
(676, 1, 'P004'),
(676, 1, 'P019'),
(676, 1, 'P041'),
(676, 1, 'P088'),
(676, 1, 'P107'),
(676, 5, 'P129'),
(677, 1, 'P007'),
(677, 1, 'P019'),
(677, 1, 'P121'),
(678, 1, 'P021'),
(678, 1, 'P097'),
(679, 1, 'P041'),
(680, 5, 'P006'),
(680, 1, 'P017'),
(680, 1, 'P107'),
(681, 5, 'P006'),
(681, 1, 'P063'),
(722, 1, 'P030'),
(723, 1, 'P107'),
(724, 1, 'P094'),
(725, 1, 'P062'),
(726, 1, 'P073'),
(726, 1, 'P107'),
(727, 1, 'P019'),
(727, 1, 'P026'),
(727, 1, 'P117'),
(727, 1, 'P119'),
(728, 1, 'P017'),
(729, 1, 'P001'),
(729, 1, 'P005'),
(729, 1, 'P012'),
(729, 1, 'P013'),
(729, 1, 'P022'),
(729, 1, 'P030'),
(729, 1, 'P033'),
(729, 1, 'P038'),
(729, 1, 'P044'),
(729, 1, 'P055'),
(729, 1, 'P057'),
(729, 1, 'P062'),
(729, 1, 'P063'),
(729, 1, 'P065'),
(729, 1, 'P067'),
(729, 1, 'P073'),
(729, 1, 'P092'),
(729, 1, 'P097'),
(729, 1, 'P098'),
(729, 1, 'P102'),
(729, 1, 'P109'),
(729, 1, 'P116'),
(729, 1, 'P125'),
(729, 1, 'P126'),
(730, 1, 'P004'),
(730, 1, 'P005'),
(730, 1, 'P012'),
(730, 1, 'P013'),
(730, 1, 'P016'),
(730, 1, 'P017'),
(730, 1, 'P030'),
(730, 1, 'P033'),
(730, 1, 'P038'),
(730, 1, 'P055'),
(730, 1, 'P057'),
(730, 1, 'P065'),
(730, 1, 'P067'),
(730, 1, 'P073'),
(730, 1, 'P086'),
(730, 1, 'P092'),
(730, 1, 'P097'),
(730, 1, 'P098'),
(730, 1, 'P102'),
(730, 1, 'P107'),
(730, 1, 'P124'),
(730, 1, 'P125'),
(730, 1, 'P126'),
(731, 1, 'P001'),
(731, 1, 'P005'),
(731, 1, 'P012'),
(731, 1, 'P013'),
(731, 1, 'P022'),
(731, 2, 'P024'),
(731, 1, 'P030'),
(731, 1, 'P033'),
(731, 1, 'P038'),
(731, 1, 'P044'),
(731, 1, 'P055'),
(731, 1, 'P057'),
(731, 1, 'P065'),
(731, 1, 'P069'),
(731, 1, 'P073'),
(731, 1, 'P092'),
(731, 1, 'P097'),
(731, 1, 'P098'),
(731, 1, 'P102'),
(731, 1, 'P125'),
(731, 1, 'P126'),
(732, 1, 'P005'),
(732, 1, 'P012'),
(732, 1, 'P013'),
(732, 1, 'P022'),
(732, 1, 'P030'),
(732, 1, 'P033'),
(732, 1, 'P038'),
(732, 1, 'P055'),
(732, 1, 'P057'),
(732, 1, 'P061'),
(732, 1, 'P063'),
(732, 1, 'P065'),
(732, 1, 'P067'),
(732, 1, 'P073'),
(732, 1, 'P092'),
(732, 2, 'P095'),
(732, 1, 'P097'),
(732, 1, 'P098'),
(732, 1, 'P102'),
(732, 1, 'P125'),
(732, 1, 'P126'),
(733, 1, 'P005'),
(733, 1, 'P012'),
(733, 1, 'P013'),
(733, 1, 'P016'),
(733, 1, 'P017'),
(733, 1, 'P022'),
(733, 1, 'P030'),
(733, 1, 'P033'),
(733, 1, 'P034'),
(733, 1, 'P038'),
(733, 1, 'P055'),
(733, 1, 'P057'),
(733, 1, 'P065'),
(733, 1, 'P069'),
(733, 1, 'P073'),
(733, 1, 'P092'),
(733, 1, 'P094'),
(733, 1, 'P097'),
(733, 1, 'P098'),
(733, 1, 'P102'),
(733, 1, 'P116'),
(733, 1, 'P125'),
(733, 1, 'P126'),
(734, 0, 'P005'),
(734, 1, 'P006'),
(734, 1, 'P012'),
(734, 1, 'P013'),
(734, 1, 'P017'),
(734, 1, 'P030'),
(734, 1, 'P033'),
(734, 1, 'P034'),
(734, 1, 'P038'),
(734, 1, 'P051'),
(734, 1, 'P055'),
(734, 1, 'P057'),
(734, 1, 'P061'),
(734, 1, 'P063'),
(734, 0, 'P065'),
(734, 1, 'P069'),
(734, 1, 'P073'),
(734, 1, 'P086'),
(734, 1, 'P092'),
(734, 1, 'P094'),
(734, 1, 'P102'),
(734, 1, 'P116'),
(734, 1, 'P125'),
(734, 1, 'P126'),
(735, 1, 'P019'),
(735, 1, 'P026'),
(735, 1, 'P073'),
(735, 1, 'P076'),
(735, 1, 'P079'),
(735, 1, 'P080'),
(735, 1, 'P097'),
(735, 1, 'P108'),
(735, 2, 'P129'),
(736, 1, 'P007'),
(736, 1, 'P012'),
(736, 1, 'P017'),
(736, 1, 'P019'),
(736, 1, 'P079'),
(736, 2, 'P095'),
(736, 1, 'P097'),
(736, 2, 'P123'),
(737, 1, 'P007'),
(737, 1, 'P019'),
(737, 1, 'P021'),
(737, 1, 'P025'),
(737, 1, 'P026'),
(737, 1, 'P062'),
(737, 1, 'P064'),
(737, 1, 'P065'),
(737, 1, 'P079'),
(737, 1, 'P097'),
(737, 1, 'P117'),
(737, 2, 'P123'),
(738, 1, 'P017'),
(738, 1, 'P034'),
(738, 1, 'P057'),
(738, 1, 'P092'),
(738, 1, 'P097'),
(738, 1, 'P107'),
(739, 1, 'P012'),
(739, 1, 'P017'),
(739, 1, 'P019'),
(739, 1, 'P063'),
(739, 1, 'P079'),
(739, 1, 'P107'),
(739, 1, 'P117'),
(740, 1, 'P063'),
(740, 1, 'P094'),
(740, 1, 'P097'),
(741, 1, 'P018'),
(741, 1, 'P019'),
(741, 1, 'P026'),
(741, 1, 'P066'),
(741, 1, 'P079'),
(742, 1, 'P012'),
(742, 1, 'P019'),
(742, 1, 'P073'),
(742, 1, 'P076'),
(742, 1, 'P107'),
(743, 1, 'P019'),
(743, 1, 'P026'),
(743, 1, 'P034'),
(743, 1, 'P117'),
(743, 1, 'P121'),
(744, 1, 'P005'),
(744, 1, 'P012'),
(744, 1, 'P013'),
(744, 1, 'P015'),
(744, 1, 'P016'),
(744, 1, 'P022'),
(744, 1, 'P033'),
(744, 1, 'P038'),
(744, 1, 'P045'),
(744, 1, 'P055'),
(744, 1, 'P057'),
(744, 1, 'P061'),
(744, 1, 'P062'),
(744, 1, 'P063'),
(744, 1, 'P065'),
(744, 2, 'P067'),
(744, 1, 'P073'),
(744, 1, 'P092'),
(744, 1, 'P093'),
(744, 1, 'P102'),
(744, 1, 'P125'),
(744, 1, 'P126'),
(745, 1, 'P005'),
(745, 1, 'P012'),
(745, 1, 'P013'),
(745, 1, 'P015'),
(745, 1, 'P017'),
(745, 1, 'P033'),
(745, 1, 'P038'),
(745, 1, 'P044'),
(745, 1, 'P045'),
(745, 1, 'P051'),
(745, 1, 'P055'),
(745, 1, 'P057'),
(745, 1, 'P063'),
(745, 1, 'P065'),
(745, 1, 'P067'),
(745, 1, 'P073'),
(745, 1, 'P086'),
(745, 1, 'P088'),
(745, 1, 'P092'),
(745, 1, 'P093'),
(745, 1, 'P102'),
(745, 1, 'P125'),
(745, 1, 'P126'),
(746, 1, 'P005'),
(746, 1, 'P012'),
(746, 2, 'P017'),
(746, 1, 'P021'),
(746, 1, 'P030'),
(746, 1, 'P038'),
(746, 1, 'P055'),
(746, 1, 'P057'),
(746, 1, 'P063'),
(746, 1, 'P065'),
(746, 1, 'P067'),
(746, 1, 'P073'),
(746, 1, 'P092'),
(746, 1, 'P093'),
(746, 1, 'P102'),
(746, 1, 'P114'),
(746, 1, 'P125'),
(746, 1, 'P126'),
(747, 1, 'P001'),
(747, 1, 'P005'),
(747, 1, 'P012'),
(747, 1, 'P013'),
(747, 1, 'P016'),
(747, 1, 'P030'),
(747, 1, 'P033'),
(747, 1, 'P038'),
(747, 1, 'P044'),
(747, 1, 'P045'),
(747, 1, 'P055'),
(747, 1, 'P057'),
(747, 1, 'P063'),
(747, 1, 'P065'),
(747, 1, 'P067'),
(747, 1, 'P069'),
(747, 1, 'P073'),
(747, 1, 'P092'),
(747, 1, 'P093'),
(747, 1, 'P097'),
(747, 1, 'P098'),
(747, 1, 'P102'),
(747, 1, 'P114'),
(747, 1, 'P125'),
(747, 1, 'P126'),
(748, 1, 'P001'),
(748, 1, 'P005'),
(748, 1, 'P012'),
(748, 1, 'P013'),
(748, 1, 'P030'),
(748, 1, 'P033'),
(748, 1, 'P034'),
(748, 1, 'P038'),
(748, 1, 'P044'),
(748, 1, 'P055'),
(748, 1, 'P057'),
(748, 1, 'P062'),
(748, 1, 'P063'),
(748, 1, 'P065'),
(748, 1, 'P069'),
(748, 1, 'P073'),
(748, 1, 'P086'),
(748, 1, 'P092'),
(748, 1, 'P097'),
(748, 1, 'P098'),
(748, 1, 'P102'),
(748, 1, 'P114'),
(748, 1, 'P116'),
(748, 1, 'P125'),
(748, 1, 'P126'),
(749, 1, 'P001'),
(749, 1, 'P005'),
(749, 1, 'P012'),
(749, 1, 'P013'),
(749, 1, 'P022'),
(749, 1, 'P033'),
(749, 1, 'P034'),
(749, 1, 'P038'),
(749, 1, 'P055'),
(749, 1, 'P057'),
(749, 1, 'P063'),
(749, 1, 'P065'),
(749, 1, 'P069'),
(749, 1, 'P073'),
(749, 1, 'P092'),
(749, 1, 'P102'),
(749, 1, 'P125'),
(749, 1, 'P126'),
(750, 1, 'P130'),
(751, 1, 'P019'),
(751, 1, 'P026'),
(751, 1, 'P074'),
(751, 1, 'P117'),
(751, 1, 'P121'),
(752, 1, 'P019'),
(752, 1, 'P034'),
(752, 2, 'P035'),
(752, 1, 'P037'),
(752, 1, 'P073'),
(753, 1, 'P019'),
(753, 1, 'P034'),
(753, 2, 'P035'),
(753, 1, 'P037'),
(753, 1, 'P073'),
(754, 2, 'P017'),
(755, 1, 'P017'),
(755, 2, 'P024'),
(755, 1, 'P107'),
(756, 2, 'P073'),
(757, 1, 'P017'),
(757, 2, 'P129'),
(758, 1, 'P062'),
(758, 1, 'P111'),
(759, 1, 'P017'),
(759, 1, 'P107'),
(760, 1, 'P073'),
(760, 1, 'P107'),
(761, 1, 'P130'),
(762, 1, 'P019'),
(762, 1, 'P025'),
(762, 1, 'P026'),
(762, 1, 'P107'),
(762, 1, 'P121'),
(763, 1, 'P019'),
(763, 1, 'P029'),
(763, 1, 'P034'),
(764, 2, 'P024'),
(764, 1, 'P030'),
(764, 1, 'P033'),
(764, 1, 'P107'),
(765, 1, 'P005'),
(765, 1, 'P038'),
(765, 1, 'P102'),
(765, 1, 'P117'),
(765, 1, 'P121'),
(765, 1, 'P125'),
(766, 1, 'P002'),
(766, 1, 'P007'),
(766, 1, 'P033'),
(766, 1, 'P038'),
(766, 1, 'P057'),
(766, 1, 'P065'),
(766, 1, 'P082'),
(766, 1, 'P086'),
(766, 1, 'P092'),
(766, 1, 'P102'),
(766, 1, 'P117'),
(766, 1, 'P121'),
(766, 1, 'P125'),
(767, 1, 'P007'),
(767, 1, 'P038'),
(767, 1, 'P042'),
(767, 1, 'P065'),
(767, 1, 'P066'),
(767, 1, 'P073'),
(767, 1, 'P102'),
(767, 1, 'P121'),
(767, 2, 'P123'),
(767, 1, 'P125'),
(768, 1, 'P005'),
(768, 1, 'P007'),
(768, 1, 'P019'),
(768, 1, 'P029'),
(768, 1, 'P033'),
(768, 1, 'P042'),
(768, 1, 'P065'),
(768, 1, 'P066'),
(768, 1, 'P073'),
(768, 1, 'P079'),
(768, 1, 'P092'),
(768, 1, 'P102'),
(768, 2, 'P123'),
(768, 1, 'P125'),
(787, 1, 'P094'),
(788, 1, 'P012'),
(789, 2, 'P017'),
(790, 1, 'P007'),
(790, 1, 'P019'),
(790, 1, 'P029'),
(790, 1, 'P030'),
(790, 1, 'P034'),
(790, 1, 'P121'),
(790, 2, 'P123'),
(791, 1, 'P006'),
(791, 1, 'P012'),
(791, 1, 'P019'),
(791, 1, 'P079'),
(791, 2, 'P129'),
(792, 1, 'P026'),
(793, 1, 'P019'),
(793, 1, 'P029'),
(793, 1, 'P034'),
(793, 2, 'P035'),
(793, 1, 'P117'),
(793, 1, 'P121'),
(794, 2, 'P017'),
(794, 1, 'P019'),
(794, 1, 'P026'),
(794, 1, 'P029'),
(794, 1, 'P034'),
(794, 2, 'P035'),
(794, 1, 'P062'),
(794, 2, 'P094'),
(794, 1, 'P111'),
(794, 1, 'P117'),
(794, 3, 'P129'),
(795, 1, 'P007'),
(795, 1, 'P019'),
(795, 1, 'P026'),
(795, 1, 'P097'),
(795, 1, 'P117'),
(795, 1, 'P121'),
(795, 2, 'P123'),
(818, 1, 'P017'),
(818, 1, 'P111'),
(819, 2, 'P017'),
(819, 2, 'P024'),
(820, 1, 'P130'),
(821, 1, 'P019'),
(821, 1, 'P034'),
(821, 1, 'P073'),
(821, 1, 'P079'),
(822, 1, 'P030'),
(822, 1, 'P033'),
(822, 1, 'P057'),
(822, 1, 'P062'),
(822, 1, 'P063'),
(823, 1, 'P019'),
(823, 1, 'P034'),
(823, 1, 'P073'),
(824, 2, 'P006'),
(824, 1, 'P017'),
(824, 2, 'P024'),
(824, 1, 'P089'),
(824, 1, 'P107'),
(825, 1, 'P061'),
(825, 1, 'P063'),
(826, 1, 'P007'),
(826, 1, 'P121'),
(827, 1, 'P007'),
(827, 2, 'P123'),
(828, 1, 'P092'),
(829, 1, 'P010'),
(829, 1, 'P057'),
(829, 1, 'P107'),
(830, 1, 'P026'),
(830, 2, 'P095'),
(830, 1, 'P097'),
(830, 1, 'P117'),
(830, 2, 'P123'),
(831, 1, 'P019'),
(831, 1, 'P117'),
(831, 1, 'P121'),
(832, 1, 'P019'),
(832, 1, 'P021'),
(832, 1, 'P107'),
(833, 1, 'P019'),
(833, 1, 'P021'),
(834, 1, 'P026'),
(834, 1, 'P070'),
(834, 1, 'P112'),
(834, 1, 'P117'),
(835, 2, 'P024'),
(836, 1, 'P019'),
(836, 1, 'P093'),
(837, 1, 'P093'),
(838, 1, 'P033'),
(839, 1, 'P093'),
(840, 1, 'P019'),
(840, 1, 'P062'),
(840, 1, 'P069'),
(840, 1, 'P073'),
(840, 1, 'P111'),
(841, 1, 'P017'),
(841, 1, 'P019'),
(841, 1, 'P062'),
(841, 1, 'P069'),
(841, 1, 'P075'),
(841, 2, 'P129'),
(842, 1, 'P019'),
(842, 1, 'P073'),
(843, 1, 'P062'),
(843, 1, 'P109'),
(844, 1, 'P089'),
(844, 1, 'P107'),
(844, 2, 'P129'),
(845, 1, 'P130'),
(846, 1, 'P044'),
(846, 1, 'P089'),
(846, 2, 'P095'),
(847, 1, 'P107'),
(848, 1, 'P038'),
(849, 1, 'P005'),
(850, 1, 'P089'),
(851, 1, 'P019'),
(851, 1, 'P026'),
(851, 1, 'P027'),
(851, 1, 'P117'),
(852, 1, 'P019'),
(852, 1, 'P114'),
(852, 1, 'P117'),
(853, 1, 'P094'),
(854, 1, 'P094'),
(855, 1, 'P019'),
(855, 1, 'P117'),
(856, 1, 'P043'),
(856, 1, 'P089'),
(856, 1, 'P107'),
(857, 1, 'P086'),
(858, 1, 'P108'),
(901, 1, 'P019'),
(901, 1, 'P034'),
(901, 1, 'P073'),
(901, 1, 'P107'),
(902, 1, 'P019'),
(902, 1, 'P034'),
(902, 1, 'P063'),
(902, 1, 'P073'),
(903, 1, 'P012'),
(903, 1, 'P013'),
(903, 1, 'P022'),
(903, 1, 'P030'),
(903, 1, 'P033'),
(904, 1, 'P130'),
(905, 1, 'P013'),
(905, 1, 'P017'),
(905, 1, 'P038'),
(905, 2, 'P095'),
(905, 1, 'P097'),
(905, 1, 'P111'),
(906, 1, 'P004'),
(906, 1, 'P048'),
(906, 1, 'P107'),
(907, 1, 'P007'),
(907, 1, 'P019'),
(907, 1, 'P121'),
(907, 2, 'P123'),
(908, 1, 'P107'),
(909, 1, 'P005'),
(909, 1, 'P022'),
(909, 1, 'P033'),
(909, 1, 'P038'),
(909, 1, 'P045'),
(909, 1, 'P055'),
(909, 1, 'P057'),
(909, 1, 'P061'),
(909, 1, 'P063'),
(909, 1, 'P065'),
(909, 1, 'P067'),
(909, 1, 'P073'),
(909, 1, 'P079'),
(909, 1, 'P080'),
(909, 1, 'P092'),
(909, 1, 'P097'),
(909, 1, 'P102'),
(909, 1, 'P111'),
(909, 2, 'P123'),
(909, 1, 'P125'),
(909, 1, 'P126'),
(910, 1, 'P005'),
(910, 1, 'P012'),
(910, 1, 'P013'),
(910, 2, 'P017'),
(910, 1, 'P022'),
(910, 1, 'P030'),
(910, 1, 'P033'),
(910, 1, 'P038'),
(910, 1, 'P055'),
(910, 1, 'P057'),
(910, 1, 'P061'),
(910, 1, 'P063'),
(910, 1, 'P067'),
(910, 1, 'P073'),
(910, 1, 'P092'),
(910, 1, 'P097'),
(910, 1, 'P102'),
(910, 1, 'P114'),
(910, 1, 'P117'),
(910, 2, 'P123'),
(910, 1, 'P125'),
(910, 1, 'P126'),
(911, 1, 'P005'),
(911, 1, 'P013'),
(911, 1, 'P022'),
(911, 1, 'P033'),
(911, 1, 'P038'),
(911, 1, 'P055'),
(911, 1, 'P057'),
(911, 1, 'P063'),
(911, 1, 'P065'),
(911, 1, 'P067'),
(911, 1, 'P073'),
(911, 1, 'P080'),
(911, 1, 'P092'),
(911, 2, 'P094'),
(911, 1, 'P102'),
(911, 1, 'P111'),
(911, 1, 'P121'),
(911, 2, 'P123'),
(911, 1, 'P125'),
(911, 1, 'P126'),
(912, 1, 'P089'),
(912, 1, 'P105'),
(913, 1, 'P004'),
(913, 1, 'P019'),
(913, 1, 'P056'),
(914, 2, 'P017'),
(914, 1, 'P063'),
(914, 5, 'P129'),
(915, 1, 'P130'),
(916, 1, 'P013'),
(916, 1, 'P019'),
(916, 1, 'P030'),
(916, 1, 'P033'),
(916, 1, 'P092'),
(916, 1, 'P114'),
(916, 1, 'P121'),
(916, 2, 'P123'),
(917, 1, 'P130'),
(918, 1, 'P019'),
(918, 1, 'P117'),
(918, 1, 'P119'),
(918, 1, 'P121'),
(918, 2, 'P123'),
(919, 1, 'P130'),
(920, 2, 'P019'),
(920, 1, 'P029'),
(920, 1, 'P034'),
(920, 2, 'P035'),
(920, 1, 'P042'),
(920, 1, 'P066'),
(920, 1, 'P073'),
(920, 1, 'P076'),
(920, 1, 'P121'),
(920, 2, 'P123'),
(921, 1, 'P019'),
(921, 1, 'P029'),
(921, 1, 'P034'),
(921, 2, 'P035'),
(921, 1, 'P073'),
(922, 1, 'P021'),
(923, 1, 'P059'),
(924, 1, 'P038'),
(924, 1, 'P073'),
(924, 1, 'P117'),
(924, 1, 'P121'),
(924, 2, 'P123'),
(925, 1, 'P029'),
(925, 1, 'P034'),
(925, 2, 'P035'),
(925, 1, 'P073'),
(925, 1, 'P117'),
(926, 1, 'P019'),
(926, 2, 'P034'),
(926, 1, 'P073'),
(926, 1, 'P118'),
(927, 1, 'P002'),
(927, 1, 'P013'),
(928, 1, 'P019'),
(928, 1, 'P073'),
(928, 1, 'P121'),
(928, 2, 'P123'),
(929, 2, 'P024'),
(929, 1, 'P107'),
(930, 1, 'P017'),
(930, 1, 'P019'),
(930, 1, 'P121'),
(930, 2, 'P123'),
(931, 1, 'P019'),
(931, 2, 'P024'),
(931, 1, 'P034'),
(931, 1, 'P073'),
(931, 1, 'P107'),
(931, 1, 'P121'),
(931, 2, 'P123'),
(932, 3, 'P006'),
(932, 1, 'P012'),
(932, 2, 'P017'),
(933, 1, 'P005'),
(933, 1, 'P012'),
(933, 1, 'P013'),
(933, 1, 'P016'),
(933, 2, 'P017'),
(933, 1, 'P022'),
(933, 1, 'P029'),
(933, 1, 'P030'),
(933, 1, 'P033'),
(933, 1, 'P034'),
(933, 2, 'P035'),
(933, 1, 'P038'),
(933, 1, 'P055'),
(933, 1, 'P057'),
(933, 1, 'P061'),
(933, 1, 'P063'),
(933, 1, 'P065'),
(933, 1, 'P067'),
(933, 1, 'P069'),
(933, 1, 'P073'),
(933, 1, 'P079'),
(933, 1, 'P089'),
(933, 1, 'P092'),
(933, 1, 'P093'),
(933, 2, 'P094'),
(933, 1, 'P097'),
(933, 1, 'P098'),
(933, 1, 'P102'),
(933, 1, 'P107'),
(933, 1, 'P109'),
(933, 1, 'P111'),
(933, 1, 'P114'),
(933, 2, 'P123'),
(933, 1, 'P125'),
(933, 1, 'P126'),
(934, 1, 'P002'),
(934, 1, 'P005'),
(934, 1, 'P012'),
(934, 1, 'P013'),
(934, 1, 'P016'),
(934, 2, 'P017'),
(934, 1, 'P022'),
(934, 1, 'P029'),
(934, 1, 'P030'),
(934, 1, 'P033'),
(934, 1, 'P034'),
(934, 1, 'P035'),
(934, 1, 'P038'),
(934, 1, 'P055'),
(934, 1, 'P057'),
(934, 1, 'P061'),
(934, 1, 'P063'),
(934, 1, 'P065'),
(934, 1, 'P067'),
(934, 1, 'P073'),
(934, 1, 'P079'),
(934, 1, 'P092'),
(934, 1, 'P093'),
(934, 1, 'P097'),
(934, 2, 'P098'),
(934, 1, 'P102'),
(934, 1, 'P107'),
(934, 1, 'P109'),
(934, 1, 'P111'),
(934, 1, 'P114'),
(934, 1, 'P116'),
(934, 2, 'P123'),
(934, 1, 'P125'),
(934, 1, 'P126'),
(935, 1, 'P002'),
(935, 1, 'P005'),
(935, 1, 'P012'),
(935, 1, 'P013'),
(935, 1, 'P016'),
(935, 2, 'P017'),
(935, 1, 'P022'),
(935, 1, 'P029'),
(935, 1, 'P030'),
(935, 1, 'P033'),
(935, 1, 'P034'),
(935, 1, 'P035'),
(935, 1, 'P038'),
(935, 1, 'P055'),
(935, 1, 'P057'),
(935, 1, 'P061'),
(935, 1, 'P063'),
(935, 1, 'P065'),
(935, 1, 'P067'),
(935, 1, 'P073'),
(935, 1, 'P086'),
(935, 1, 'P092'),
(935, 2, 'P094'),
(935, 1, 'P097'),
(935, 2, 'P098'),
(935, 1, 'P102'),
(935, 1, 'P107'),
(935, 1, 'P108'),
(935, 1, 'P114'),
(935, 1, 'P116'),
(935, 1, 'P125'),
(935, 1, 'P126'),
(936, 1, 'P008'),
(936, 1, 'P032'),
(936, 1, 'P034'),
(936, 1, 'P035'),
(936, 1, 'P036'),
(936, 1, 'P039'),
(936, 2, 'P091'),
(936, 1, 'P117'),
(936, 2, 'P123'),
(937, 1, 'P034'),
(937, 1, 'P038'),
(937, 1, 'P078'),
(938, 2, 'P087'),
(939, 2, 'P017'),
(939, 2, 'P038'),
(939, 1, 'P062'),
(939, 1, 'P092'),
(940, 2, 'P006'),
(940, 1, 'P063'),
(941, 2, 'P057'),
(941, 1, 'P062'),
(942, 1, 'P107'),
(943, 1, 'P094'),
(944, 1, 'P130'),
(945, 1, 'P021'),
(945, 1, 'P062'),
(946, 1, 'P130'),
(947, 2, 'P006'),
(947, 1, 'P038'),
(947, 1, 'P117'),
(947, 1, 'P121'),
(947, 2, 'P123'),
(948, 1, 'P005'),
(948, 1, 'P038'),
(948, 1, 'P044'),
(948, 1, 'P050'),
(948, 1, 'P055'),
(948, 1, 'P057'),
(948, 1, 'P065'),
(948, 1, 'P067'),
(948, 1, 'P073'),
(948, 1, 'P092'),
(948, 2, 'P094'),
(948, 1, 'P097'),
(948, 1, 'P098'),
(948, 1, 'P102'),
(948, 1, 'P107'),
(948, 1, 'P111'),
(948, 1, 'P114'),
(948, 1, 'P121'),
(948, 2, 'P123'),
(948, 1, 'P125'),
(948, 2, 'P126'),
(949, 1, 'P005'),
(949, 1, 'P030'),
(949, 1, 'P033'),
(949, 1, 'P038'),
(949, 1, 'P050'),
(949, 1, 'P055'),
(949, 1, 'P057'),
(949, 1, 'P065'),
(949, 2, 'P067'),
(949, 1, 'P069'),
(949, 1, 'P073'),
(949, 1, 'P086'),
(949, 1, 'P092'),
(949, 1, 'P097'),
(949, 1, 'P102'),
(949, 1, 'P111'),
(949, 1, 'P116'),
(949, 1, 'P121'),
(949, 2, 'P123'),
(949, 1, 'P125'),
(949, 2, 'P126'),
(950, 1, 'P005'),
(950, 1, 'P013'),
(950, 1, 'P038'),
(950, 1, 'P055'),
(950, 1, 'P057'),
(950, 1, 'P058'),
(950, 1, 'P065'),
(950, 1, 'P067'),
(950, 1, 'P073'),
(950, 1, 'P092'),
(950, 2, 'P094'),
(950, 1, 'P102'),
(950, 1, 'P107'),
(950, 1, 'P111'),
(950, 1, 'P121'),
(950, 2, 'P123'),
(950, 1, 'P125'),
(950, 2, 'P126'),
(951, 1, 'P005'),
(951, 1, 'P012'),
(951, 1, 'P013'),
(951, 1, 'P022'),
(951, 1, 'P033'),
(951, 1, 'P038'),
(951, 1, 'P044'),
(951, 1, 'P055'),
(951, 1, 'P057'),
(951, 1, 'P061'),
(951, 1, 'P063'),
(951, 1, 'P065'),
(951, 1, 'P067'),
(951, 1, 'P073'),
(951, 1, 'P092'),
(951, 2, 'P094'),
(951, 1, 'P097'),
(951, 1, 'P102'),
(951, 1, 'P109'),
(951, 1, 'P111'),
(951, 1, 'P125'),
(951, 2, 'P126'),
(952, 1, 'P005'),
(952, 1, 'P012'),
(952, 1, 'P013'),
(952, 1, 'P017'),
(952, 2, 'P024'),
(952, 1, 'P033'),
(952, 1, 'P038'),
(952, 1, 'P055'),
(952, 1, 'P057'),
(952, 1, 'P061'),
(952, 1, 'P063'),
(952, 1, 'P065'),
(952, 1, 'P067'),
(952, 1, 'P073'),
(952, 1, 'P092'),
(952, 1, 'P094'),
(952, 1, 'P102'),
(952, 1, 'P104'),
(952, 1, 'P111'),
(952, 1, 'P121'),
(952, 2, 'P123'),
(952, 1, 'P125'),
(952, 2, 'P126'),
(953, 1, 'P005'),
(953, 1, 'P012'),
(953, 1, 'P013'),
(953, 1, 'P030'),
(953, 1, 'P033'),
(953, 1, 'P038'),
(953, 1, 'P055'),
(953, 1, 'P057'),
(953, 1, 'P061'),
(953, 1, 'P065'),
(953, 1, 'P067'),
(953, 1, 'P073'),
(953, 1, 'P080'),
(953, 1, 'P092'),
(953, 1, 'P094'),
(953, 1, 'P102'),
(953, 1, 'P117'),
(953, 1, 'P121'),
(953, 2, 'P123'),
(953, 1, 'P125'),
(953, 2, 'P126'),
(954, 1, 'P019'),
(954, 1, 'P060'),
(955, 2, 'P095'),
(955, 1, 'P111'),
(956, 1, 'P019'),
(956, 1, 'P034'),
(956, 1, 'P048'),
(956, 1, 'P061'),
(957, 1, 'P006'),
(957, 1, 'P024'),
(958, 1, 'P013'),
(958, 1, 'P017'),
(959, 1, 'P010'),
(959, 1, 'P048'),
(959, 1, 'P092'),
(959, 1, 'P107'),
(960, 1, 'P063'),
(960, 1, 'P095'),
(961, 1, 'P130'),
(962, 2, 'P040'),
(962, 2, 'P047'),
(962, 2, 'P077'),
(962, 1, 'P094'),
(962, 1, 'P117'),
(963, 1, 'P012'),
(963, 1, 'P017'),
(963, 1, 'P062'),
(1006, 1, 'P005'),
(1006, 1, 'P013'),
(1006, 1, 'P022'),
(1006, 1, 'P033'),
(1006, 1, 'P038'),
(1006, 1, 'P055'),
(1006, 1, 'P057'),
(1006, 1, 'P058'),
(1006, 1, 'P063'),
(1006, 1, 'P065'),
(1006, 1, 'P067'),
(1006, 1, 'P073'),
(1006, 1, 'P092'),
(1006, 1, 'P094'),
(1006, 1, 'P097'),
(1006, 1, 'P098'),
(1006, 1, 'P102'),
(1006, 1, 'P111'),
(1006, 1, 'P117'),
(1006, 1, 'P121'),
(1006, 2, 'P123'),
(1006, 1, 'P125'),
(1006, 2, 'P126'),
(1007, 1, 'P005'),
(1007, 1, 'P012'),
(1007, 1, 'P013'),
(1007, 1, 'P033'),
(1007, 1, 'P038'),
(1007, 1, 'P055'),
(1007, 1, 'P057'),
(1007, 2, 'P058'),
(1007, 1, 'P063'),
(1007, 1, 'P065'),
(1007, 2, 'P067'),
(1007, 1, 'P073'),
(1007, 1, 'P092'),
(1007, 1, 'P094'),
(1007, 1, 'P097'),
(1007, 1, 'P098'),
(1007, 1, 'P102'),
(1007, 1, 'P111'),
(1007, 1, 'P116'),
(1007, 1, 'P121'),
(1007, 2, 'P123'),
(1007, 1, 'P125'),
(1007, 2, 'P126'),
(1008, 1, 'P005'),
(1008, 1, 'P030'),
(1008, 1, 'P033'),
(1008, 1, 'P038'),
(1008, 1, 'P055'),
(1008, 1, 'P057'),
(1008, 1, 'P061'),
(1008, 1, 'P063'),
(1008, 1, 'P065'),
(1008, 1, 'P067'),
(1008, 1, 'P073'),
(1008, 1, 'P092'),
(1008, 2, 'P094'),
(1008, 1, 'P097'),
(1008, 1, 'P098'),
(1008, 1, 'P102'),
(1008, 1, 'P109'),
(1008, 1, 'P121'),
(1008, 2, 'P123'),
(1008, 1, 'P125'),
(1008, 2, 'P126'),
(1009, 1, 'P005'),
(1009, 1, 'P012'),
(1009, 1, 'P013'),
(1009, 1, 'P022'),
(1009, 1, 'P030'),
(1009, 1, 'P033'),
(1009, 1, 'P038'),
(1009, 1, 'P055'),
(1009, 1, 'P057'),
(1009, 1, 'P058'),
(1009, 1, 'P062'),
(1009, 1, 'P063'),
(1009, 1, 'P065'),
(1009, 1, 'P067'),
(1009, 1, 'P073'),
(1009, 1, 'P092'),
(1009, 1, 'P094'),
(1009, 1, 'P097'),
(1009, 1, 'P098'),
(1009, 1, 'P102'),
(1009, 1, 'P111'),
(1009, 1, 'P114'),
(1009, 1, 'P125'),
(1009, 2, 'P126'),
(1010, 1, 'P005'),
(1010, 1, 'P012'),
(1010, 1, 'P013'),
(1010, 1, 'P022'),
(1010, 2, 'P024'),
(1010, 1, 'P030'),
(1010, 1, 'P033'),
(1010, 1, 'P038'),
(1010, 1, 'P055'),
(1010, 1, 'P057'),
(1010, 1, 'P065'),
(1010, 1, 'P067'),
(1010, 1, 'P073'),
(1010, 1, 'P092'),
(1010, 1, 'P094'),
(1010, 1, 'P102'),
(1010, 1, 'P111'),
(1010, 2, 'P117'),
(1010, 1, 'P121'),
(1010, 2, 'P123'),
(1010, 1, 'P125'),
(1010, 2, 'P126'),
(1011, 1, 'P002'),
(1011, 1, 'P005'),
(1011, 1, 'P012'),
(1011, 1, 'P013'),
(1011, 2, 'P024'),
(1011, 1, 'P030'),
(1011, 1, 'P033'),
(1011, 1, 'P038'),
(1011, 1, 'P055'),
(1011, 1, 'P057'),
(1011, 1, 'P065'),
(1011, 1, 'P067'),
(1011, 1, 'P073'),
(1011, 1, 'P080'),
(1011, 1, 'P092'),
(1011, 1, 'P094'),
(1011, 1, 'P098'),
(1011, 1, 'P102'),
(1011, 1, 'P111'),
(1011, 1, 'P117'),
(1011, 1, 'P121'),
(1011, 1, 'P125'),
(1011, 2, 'P126'),
(1012, 1, 'P005'),
(1012, 1, 'P013'),
(1012, 1, 'P030'),
(1012, 1, 'P033'),
(1012, 1, 'P038'),
(1012, 1, 'P055'),
(1012, 1, 'P057'),
(1012, 1, 'P061'),
(1012, 1, 'P063'),
(1012, 1, 'P065'),
(1012, 1, 'P067'),
(1012, 1, 'P069'),
(1012, 1, 'P073'),
(1012, 1, 'P090'),
(1012, 1, 'P092'),
(1012, 1, 'P093'),
(1012, 2, 'P094'),
(1012, 1, 'P097'),
(1012, 1, 'P102'),
(1012, 1, 'P125'),
(1012, 2, 'P126'),
(1013, 1, 'P005'),
(1013, 2, 'P006'),
(1013, 1, 'P012'),
(1013, 1, 'P013'),
(1013, 1, 'P038'),
(1013, 1, 'P050'),
(1013, 1, 'P055'),
(1013, 1, 'P057'),
(1013, 2, 'P058'),
(1013, 1, 'P065'),
(1013, 2, 'P067'),
(1013, 1, 'P073'),
(1013, 1, 'P092'),
(1013, 1, 'P094'),
(1013, 1, 'P097'),
(1013, 1, 'P102'),
(1013, 1, 'P111'),
(1013, 1, 'P121'),
(1013, 2, 'P123'),
(1013, 1, 'P125'),
(1013, 2, 'P126'),
(1014, 1, 'P005'),
(1014, 1, 'P012'),
(1014, 1, 'P021'),
(1014, 1, 'P030'),
(1014, 1, 'P038'),
(1014, 1, 'P055'),
(1014, 1, 'P057'),
(1014, 1, 'P061'),
(1014, 1, 'P065'),
(1014, 1, 'P067'),
(1014, 1, 'P073'),
(1014, 1, 'P090'),
(1014, 1, 'P092'),
(1014, 1, 'P097'),
(1014, 1, 'P102'),
(1014, 1, 'P125'),
(1014, 2, 'P126'),
(1015, 1, 'P005'),
(1015, 1, 'P012'),
(1015, 1, 'P013'),
(1015, 1, 'P030'),
(1015, 1, 'P033'),
(1015, 1, 'P038'),
(1015, 1, 'P050'),
(1015, 1, 'P053'),
(1015, 1, 'P055'),
(1015, 1, 'P057'),
(1015, 1, 'P060'),
(1015, 1, 'P061'),
(1015, 1, 'P065'),
(1015, 1, 'P069'),
(1015, 1, 'P073'),
(1015, 1, 'P080'),
(1015, 1, 'P086'),
(1015, 1, 'P090'),
(1015, 1, 'P092'),
(1015, 1, 'P097'),
(1015, 1, 'P102'),
(1015, 1, 'P111'),
(1015, 1, 'P125'),
(1015, 1, 'P126'),
(1016, 1, 'P005'),
(1016, 1, 'P020'),
(1016, 1, 'P022'),
(1016, 2, 'P024'),
(1016, 1, 'P038'),
(1016, 1, 'P050'),
(1016, 1, 'P055'),
(1016, 1, 'P057'),
(1016, 1, 'P061'),
(1016, 1, 'P065'),
(1016, 1, 'P067'),
(1016, 1, 'P073'),
(1016, 1, 'P090'),
(1016, 1, 'P092'),
(1016, 1, 'P097'),
(1016, 1, 'P102'),
(1016, 1, 'P121'),
(1016, 2, 'P123'),
(1016, 1, 'P125'),
(1016, 2, 'P126'),
(1017, 1, 'P002'),
(1017, 1, 'P005'),
(1017, 1, 'P013'),
(1017, 1, 'P022'),
(1017, 1, 'P030'),
(1017, 1, 'P033'),
(1017, 1, 'P038'),
(1017, 1, 'P055'),
(1017, 1, 'P057'),
(1017, 1, 'P065'),
(1017, 1, 'P073'),
(1017, 1, 'P086'),
(1017, 1, 'P092'),
(1017, 1, 'P093'),
(1017, 1, 'P097'),
(1017, 1, 'P102'),
(1017, 1, 'P111'),
(1017, 1, 'P114'),
(1017, 1, 'P117'),
(1017, 1, 'P125'),
(1017, 2, 'P126'),
(1018, 1, 'P005'),
(1018, 1, 'P013'),
(1018, 1, 'P022'),
(1018, 1, 'P030'),
(1018, 1, 'P033'),
(1018, 1, 'P038'),
(1018, 1, 'P055'),
(1018, 1, 'P057'),
(1018, 1, 'P063'),
(1018, 1, 'P065'),
(1018, 1, 'P069'),
(1018, 1, 'P073'),
(1018, 1, 'P086'),
(1018, 1, 'P092'),
(1018, 1, 'P093'),
(1018, 1, 'P097'),
(1018, 1, 'P102'),
(1018, 1, 'P111'),
(1018, 1, 'P114'),
(1018, 1, 'P125'),
(1018, 2, 'P126'),
(1019, 1, 'P005'),
(1019, 1, 'P013'),
(1019, 1, 'P022'),
(1019, 1, 'P030'),
(1019, 1, 'P033'),
(1019, 1, 'P038'),
(1019, 1, 'P055'),
(1019, 1, 'P057'),
(1019, 1, 'P061'),
(1019, 1, 'P063'),
(1019, 1, 'P065'),
(1019, 1, 'P073'),
(1019, 1, 'P086'),
(1019, 1, 'P092'),
(1019, 1, 'P093'),
(1019, 1, 'P097'),
(1019, 1, 'P102'),
(1019, 1, 'P111'),
(1019, 1, 'P114'),
(1019, 1, 'P125'),
(1019, 1, 'P126'),
(1020, 1, 'P005'),
(1020, 1, 'P013'),
(1020, 1, 'P022'),
(1020, 1, 'P030'),
(1020, 1, 'P033'),
(1020, 1, 'P038'),
(1020, 1, 'P055'),
(1020, 1, 'P057'),
(1020, 1, 'P061'),
(1020, 1, 'P063'),
(1020, 1, 'P065'),
(1020, 1, 'P073'),
(1020, 1, 'P086'),
(1020, 1, 'P092'),
(1020, 1, 'P093'),
(1020, 1, 'P097'),
(1020, 1, 'P102'),
(1020, 1, 'P111'),
(1020, 1, 'P114'),
(1020, 1, 'P125'),
(1020, 1, 'P126'),
(1021, 1, 'P005'),
(1021, 1, 'P013'),
(1021, 1, 'P022'),
(1021, 1, 'P030'),
(1021, 1, 'P033'),
(1021, 1, 'P038'),
(1021, 1, 'P055'),
(1021, 1, 'P057'),
(1021, 1, 'P061'),
(1021, 1, 'P063'),
(1021, 1, 'P065'),
(1021, 1, 'P067'),
(1021, 1, 'P073'),
(1021, 1, 'P092');
INSERT INTO `transaction_parts` (`transaction_id`, `quantity`, `repair_id`) VALUES
(1021, 1, 'P093'),
(1021, 1, 'P097'),
(1021, 1, 'P102'),
(1021, 1, 'P111'),
(1021, 1, 'P114'),
(1021, 1, 'P117'),
(1021, 1, 'P125'),
(1021, 1, 'P126'),
(1022, 1, 'P008'),
(1022, 1, 'P032'),
(1022, 1, 'P034'),
(1022, 1, 'P035'),
(1022, 1, 'P036'),
(1022, 1, 'P039'),
(1022, 2, 'P091'),
(1022, 1, 'P117'),
(1022, 2, 'P123'),
(1023, 1, 'P004'),
(1024, 1, 'P005'),
(1024, 1, 'P012'),
(1024, 2, 'P017'),
(1024, 1, 'P030'),
(1024, 1, 'P073'),
(1024, 1, 'P114'),
(1025, 1, 'P005'),
(1025, 2, 'P040'),
(1025, 2, 'P047'),
(1025, 2, 'P077'),
(1026, 1, 'P013'),
(1026, 1, 'P030'),
(1026, 1, 'P033'),
(1026, 1, 'P117'),
(1027, 1, 'P004'),
(1027, 1, 'P013'),
(1028, 1, 'P004'),
(1028, 1, 'P013'),
(1028, 1, 'P019'),
(1028, 1, 'P029'),
(1028, 1, 'P033'),
(1028, 1, 'P034'),
(1028, 2, 'P035'),
(1028, 2, 'P040'),
(1028, 2, 'P047'),
(1028, 1, 'P073'),
(1028, 2, 'P077'),
(1029, 1, 'P095'),
(1030, 1, 'P019'),
(1030, 1, 'P034'),
(1030, 1, 'P037'),
(1030, 1, 'P073'),
(1031, 1, 'P073'),
(1032, 1, 'P004'),
(1032, 1, 'P013'),
(1032, 1, 'P019'),
(1032, 1, 'P029'),
(1032, 1, 'P033'),
(1032, 1, 'P034'),
(1032, 2, 'P035'),
(1032, 1, 'P073'),
(1032, 1, 'P092'),
(1033, 1, 'P041'),
(1033, 1, 'P107'),
(1034, 1, 'P073'),
(1034, 1, 'P107'),
(1035, 1, 'P073'),
(1035, 2, 'P111'),
(1035, 1, 'P117'),
(1036, 1, 'P019'),
(1036, 1, 'P034'),
(1036, 2, 'P035'),
(1036, 1, 'P062'),
(1037, 1, 'P130'),
(1060, 1, 'P002'),
(1060, 1, 'P005'),
(1060, 1, 'P013'),
(1060, 1, 'P033'),
(1060, 1, 'P038'),
(1060, 1, 'P055'),
(1060, 1, 'P057'),
(1060, 1, 'P062'),
(1060, 1, 'P063'),
(1060, 1, 'P065'),
(1060, 1, 'P067'),
(1060, 1, 'P069'),
(1060, 1, 'P073'),
(1060, 2, 'P080'),
(1060, 1, 'P092'),
(1060, 1, 'P097'),
(1060, 1, 'P102'),
(1060, 1, 'P111'),
(1060, 2, 'P123'),
(1060, 1, 'P125'),
(1060, 2, 'P126'),
(1061, 1, 'P002'),
(1061, 1, 'P005'),
(1061, 1, 'P012'),
(1061, 1, 'P013'),
(1061, 1, 'P033'),
(1061, 1, 'P038'),
(1061, 1, 'P055'),
(1061, 1, 'P057'),
(1061, 1, 'P061'),
(1061, 1, 'P065'),
(1061, 2, 'P067'),
(1061, 1, 'P073'),
(1061, 1, 'P092'),
(1061, 2, 'P094'),
(1061, 1, 'P102'),
(1061, 1, 'P111'),
(1061, 1, 'P114'),
(1061, 1, 'P121'),
(1061, 2, 'P123'),
(1061, 1, 'P125'),
(1061, 2, 'P126'),
(1062, 1, 'P005'),
(1062, 1, 'P013'),
(1062, 1, 'P022'),
(1062, 1, 'P033'),
(1062, 1, 'P038'),
(1062, 1, 'P055'),
(1062, 1, 'P057'),
(1062, 1, 'P062'),
(1062, 1, 'P063'),
(1062, 1, 'P065'),
(1062, 2, 'P067'),
(1062, 1, 'P073'),
(1062, 1, 'P086'),
(1062, 1, 'P092'),
(1062, 2, 'P094'),
(1062, 1, 'P097'),
(1062, 1, 'P102'),
(1062, 1, 'P107'),
(1062, 1, 'P111'),
(1062, 1, 'P125'),
(1062, 2, 'P126'),
(1063, 1, 'P002'),
(1063, 1, 'P005'),
(1063, 1, 'P012'),
(1063, 1, 'P013'),
(1063, 1, 'P030'),
(1063, 1, 'P033'),
(1063, 1, 'P038'),
(1063, 1, 'P055'),
(1063, 1, 'P057'),
(1063, 1, 'P061'),
(1063, 1, 'P063'),
(1063, 1, 'P065'),
(1063, 1, 'P069'),
(1063, 1, 'P073'),
(1063, 1, 'P092'),
(1063, 1, 'P094'),
(1063, 1, 'P102'),
(1063, 1, 'P111'),
(1063, 1, 'P114'),
(1063, 1, 'P117'),
(1063, 1, 'P125'),
(1063, 2, 'P126'),
(1064, 1, 'P002'),
(1064, 1, 'P005'),
(1064, 1, 'P017'),
(1064, 1, 'P022'),
(1064, 1, 'P038'),
(1064, 1, 'P055'),
(1064, 1, 'P057'),
(1064, 2, 'P063'),
(1064, 1, 'P065'),
(1064, 1, 'P067'),
(1064, 1, 'P073'),
(1064, 1, 'P092'),
(1064, 2, 'P095'),
(1064, 1, 'P102'),
(1064, 1, 'P107'),
(1064, 1, 'P111'),
(1064, 1, 'P117'),
(1064, 1, 'P121'),
(1064, 2, 'P123'),
(1064, 1, 'P125'),
(1064, 2, 'P126'),
(1065, 1, 'P005'),
(1065, 1, 'P013'),
(1065, 1, 'P030'),
(1065, 1, 'P033'),
(1065, 1, 'P038'),
(1065, 1, 'P044'),
(1065, 1, 'P055'),
(1065, 1, 'P057'),
(1065, 1, 'P061'),
(1065, 1, 'P063'),
(1065, 1, 'P065'),
(1065, 1, 'P069'),
(1065, 1, 'P073'),
(1065, 1, 'P086'),
(1065, 1, 'P092'),
(1065, 1, 'P097'),
(1065, 1, 'P102'),
(1065, 1, 'P111'),
(1065, 1, 'P125'),
(1065, 2, 'P126'),
(1066, 1, 'P002'),
(1066, 1, 'P005'),
(1066, 1, 'P012'),
(1066, 1, 'P013'),
(1066, 1, 'P030'),
(1066, 1, 'P033'),
(1066, 1, 'P038'),
(1066, 1, 'P044'),
(1066, 1, 'P055'),
(1066, 1, 'P057'),
(1066, 1, 'P061'),
(1066, 1, 'P063'),
(1066, 1, 'P065'),
(1066, 1, 'P069'),
(1066, 1, 'P073'),
(1066, 1, 'P086'),
(1066, 1, 'P092'),
(1066, 1, 'P102'),
(1066, 1, 'P111'),
(1066, 1, 'P125'),
(1066, 2, 'P126'),
(1067, 1, 'P002'),
(1067, 1, 'P005'),
(1067, 1, 'P022'),
(1067, 1, 'P030'),
(1067, 2, 'P038'),
(1067, 1, 'P055'),
(1067, 1, 'P057'),
(1067, 1, 'P062'),
(1067, 2, 'P063'),
(1067, 1, 'P065'),
(1067, 1, 'P073'),
(1067, 1, 'P092'),
(1067, 1, 'P093'),
(1067, 2, 'P094'),
(1067, 1, 'P097'),
(1067, 1, 'P102'),
(1067, 2, 'P111'),
(1067, 1, 'P114'),
(1067, 1, 'P125'),
(1067, 2, 'P126'),
(1068, 1, 'P002'),
(1068, 1, 'P005'),
(1068, 1, 'P012'),
(1068, 1, 'P013'),
(1068, 1, 'P022'),
(1068, 1, 'P033'),
(1068, 1, 'P038'),
(1068, 1, 'P055'),
(1068, 1, 'P057'),
(1068, 1, 'P062'),
(1068, 1, 'P063'),
(1068, 1, 'P065'),
(1068, 1, 'P073'),
(1068, 1, 'P092'),
(1068, 1, 'P093'),
(1068, 1, 'P102'),
(1068, 1, 'P107'),
(1068, 1, 'P114'),
(1068, 1, 'P125'),
(1068, 1, 'P126'),
(1069, 1, 'P005'),
(1069, 1, 'P012'),
(1069, 1, 'P013'),
(1069, 1, 'P020'),
(1069, 1, 'P022'),
(1069, 1, 'P033'),
(1069, 1, 'P038'),
(1069, 1, 'P055'),
(1069, 1, 'P057'),
(1069, 1, 'P061'),
(1069, 1, 'P063'),
(1069, 1, 'P065'),
(1069, 1, 'P067'),
(1069, 1, 'P073'),
(1069, 1, 'P092'),
(1069, 1, 'P097'),
(1069, 1, 'P102'),
(1069, 1, 'P117'),
(1069, 1, 'P125'),
(1069, 1, 'P126'),
(1070, 1, 'P072'),
(1070, 1, 'P099'),
(1070, 1, 'P101'),
(1071, 1, 'P007'),
(1071, 2, 'P019'),
(1071, 1, 'P029'),
(1071, 1, 'P034'),
(1071, 2, 'P035'),
(1071, 1, 'P072'),
(1071, 1, 'P073'),
(1071, 2, 'P079'),
(1071, 1, 'P099'),
(1071, 1, 'P101'),
(1071, 2, 'P117'),
(1071, 2, 'P123'),
(1072, 1, 'P062'),
(1072, 1, 'P072'),
(1072, 1, 'P089'),
(1072, 1, 'P099'),
(1072, 1, 'P100'),
(1072, 1, 'P101'),
(1072, 1, 'P117'),
(1073, 1, 'P017'),
(1073, 1, 'P019'),
(1073, 1, 'P034'),
(1073, 1, 'P043'),
(1073, 1, 'P062'),
(1073, 1, 'P072'),
(1073, 1, 'P073'),
(1073, 1, 'P089'),
(1073, 1, 'P099'),
(1073, 1, 'P100'),
(1073, 1, 'P101'),
(1073, 1, 'P107'),
(1074, 1, 'P061'),
(1074, 1, 'P072'),
(1074, 1, 'P099'),
(1074, 1, 'P101'),
(1075, 3, 'P006'),
(1075, 1, 'P013'),
(1075, 1, 'P019'),
(1075, 1, 'P034'),
(1075, 1, 'P072'),
(1075, 1, 'P073'),
(1075, 1, 'P089'),
(1075, 1, 'P099'),
(1075, 1, 'P101'),
(1076, 1, 'P072'),
(1076, 1, 'P099'),
(1076, 1, 'P101'),
(1077, 1, 'P013'),
(1077, 1, 'P017'),
(1077, 1, 'P034'),
(1077, 1, 'P072'),
(1077, 1, 'P073'),
(1077, 1, 'P099'),
(1077, 1, 'P101'),
(1078, 1, 'P007'),
(1078, 1, 'P012'),
(1078, 1, 'P013'),
(1078, 1, 'P030'),
(1078, 1, 'P034'),
(1078, 2, 'P035'),
(1078, 1, 'P072'),
(1078, 1, 'P073'),
(1078, 1, 'P079'),
(1078, 1, 'P099'),
(1078, 1, 'P101'),
(1078, 1, 'P117'),
(1078, 2, 'P123'),
(1079, 1, 'P005'),
(1079, 1, 'P007'),
(1079, 1, 'P029'),
(1079, 1, 'P034'),
(1079, 1, 'P035'),
(1079, 1, 'P073'),
(1079, 1, 'P079'),
(1079, 1, 'P097'),
(1079, 1, 'P117'),
(1079, 2, 'P123'),
(1080, 2, 'P019'),
(1080, 1, 'P029'),
(1080, 1, 'P031'),
(1080, 1, 'P034'),
(1080, 2, 'P035'),
(1080, 1, 'P073'),
(1081, 1, 'P072'),
(1081, 1, 'P099'),
(1081, 1, 'P100'),
(1081, 1, 'P101'),
(1082, 1, 'P072'),
(1082, 1, 'P094'),
(1082, 1, 'P101'),
(1083, 1, 'P099'),
(1083, 1, 'P100'),
(1084, 1, 'P021'),
(1084, 1, 'P062'),
(1084, 2, 'P072'),
(1084, 2, 'P097'),
(1084, 2, 'P099'),
(1084, 1, 'P100'),
(1084, 2, 'P101'),
(1085, 1, 'P019');

-- --------------------------------------------------------

--
-- Table structure for table `transmission_type`
--

CREATE TABLE `transmission_type` (
  `transmission_type_id` char(3) NOT NULL,
  `transmission_type` varchar(50) NOT NULL
) ENGINE=InnoDB DEFAULT CHARSET=utf8mb4 COLLATE=utf8mb4_general_ci;

--
-- Dumping data for table `transmission_type`
--

INSERT INTO `transmission_type` (`transmission_type_id`, `transmission_type`) VALUES
('ATC', 'Automatic'),
('MNL', 'Manual');

-- --------------------------------------------------------

--
-- Table structure for table `users`
--

CREATE TABLE `users` (
  `user_id` int(11) NOT NULL,
  `first_name` varchar(50) NOT NULL,
  `last_name` varchar(50) NOT NULL,
  `username` varchar(50) NOT NULL,
  `password` varchar(255) NOT NULL,
  `role` enum('admin','staff') NOT NULL
) ENGINE=InnoDB DEFAULT CHARSET=utf8mb4 COLLATE=utf8mb4_general_ci;

--
-- Dumping data for table `users`
--

INSERT INTO `users` (`user_id`, `first_name`, `last_name`, `username`, `password`, `role`) VALUES
(1, 'Kim', 'Mingyu', 'mingyukim', 'mingyu', 'admin'),
(2, 'Lee', 'Seokmin', 'seokminlee', 'seokmin', 'admin'),
(3, 'Jeon', 'Wonwoo', 'wonwoojeon', 'wonwoo', 'staff');

--
-- Indexes for dumped tables
--

--
-- Indexes for table `check_parts`
--
ALTER TABLE `check_parts`
  ADD PRIMARY KEY (`check_no`,`parts_id`),
  ADD KEY `condition_id` (`condition_id`),
  ADD KEY `parts_id` (`parts_id`);

--
-- Indexes for table `conditions`
--
ALTER TABLE `conditions`
  ADD PRIMARY KEY (`condition_id`);

--
-- Indexes for table `fuel_type`
--
ALTER TABLE `fuel_type`
  ADD PRIMARY KEY (`fuel_type_id`);

--
-- Indexes for table `hubs`
--
ALTER TABLE `hubs`
  ADD PRIMARY KEY (`hub_id`),
  ADD KEY `manager_id` (`manager_id`);

--
-- Indexes for table `maintenance_check`
--
ALTER TABLE `maintenance_check`
  ADD PRIMARY KEY (`check_no`),
  ADD KEY `plate_no` (`plate_no`),
  ADD KEY `fuel_type_id` (`fuel_type_id`),
  ADD KEY `transmission_type_id` (`transmission_type_id`);

--
-- Indexes for table `managers`
--
ALTER TABLE `managers`
  ADD PRIMARY KEY (`manager_id`);

--
-- Indexes for table `mechanics`
--
ALTER TABLE `mechanics`
  ADD PRIMARY KEY (`mechanic_id`);

--
-- Indexes for table `models`
--
ALTER TABLE `models`
  ADD PRIMARY KEY (`model_id`);

--
-- Indexes for table `motorcycles`
--
ALTER TABLE `motorcycles`
  ADD PRIMARY KEY (`plate_no`),
  ADD KEY `model_id` (`model_id`),
  ADD KEY `hub_id` (`hub_id`);

--
-- Indexes for table `notifications`
--
ALTER TABLE `notifications`
  ADD PRIMARY KEY (`notif_id`),
  ADD KEY `plate_no` (`plate_no`);

--
-- Indexes for table `parts`
--
ALTER TABLE `parts`
  ADD PRIMARY KEY (`parts_id`);

--
-- Indexes for table `predictions_maintenance`
--
ALTER TABLE `predictions_maintenance`
  ADD PRIMARY KEY (`prediction_id`),
  ADD UNIQUE KEY `check_no` (`check_no`),
  ADD KEY `fk_predictions_maintenance_plate` (`plate_no`);

--
-- Indexes for table `predictions_pms`
--
ALTER TABLE `predictions_pms`
  ADD PRIMARY KEY (`prediction_id`),
  ADD UNIQUE KEY `plate_no` (`plate_no`);

--
-- Indexes for table `predictions_repair`
--
ALTER TABLE `predictions_repair`
  ADD PRIMARY KEY (`prediction_id`),
  ADD UNIQUE KEY `plate_no` (`plate_no`);

--
-- Indexes for table `repair`
--
ALTER TABLE `repair`
  ADD PRIMARY KEY (`repair_id`),
  ADD KEY `repair_type_id` (`repair_type_id`);

--
-- Indexes for table `repair_transactions`
--
ALTER TABLE `repair_transactions`
  ADD PRIMARY KEY (`transaction_id`),
  ADD KEY `plate_no` (`plate_no`),
  ADD KEY `mechanic_id` (`mechanic_id`),
  ADD KEY `status_id` (`status_id`),
  ADD KEY `type_id` (`type_id`);

--
-- Indexes for table `repair_type`
--
ALTER TABLE `repair_type`
  ADD PRIMARY KEY (`repair_type_id`);

--
-- Indexes for table `service_types`
--
ALTER TABLE `service_types`
  ADD PRIMARY KEY (`type_id`);

--
-- Indexes for table `status`
--
ALTER TABLE `status`
  ADD PRIMARY KEY (`status_id`);

--
-- Indexes for table `transaction_parts`
--
ALTER TABLE `transaction_parts`
  ADD PRIMARY KEY (`transaction_id`,`repair_id`),
  ADD KEY `repair_id` (`repair_id`);

--
-- Indexes for table `transmission_type`
--
ALTER TABLE `transmission_type`
  ADD PRIMARY KEY (`transmission_type_id`);

--
-- Indexes for table `users`
--
ALTER TABLE `users`
  ADD PRIMARY KEY (`user_id`),
  ADD UNIQUE KEY `username` (`username`);

--
-- AUTO_INCREMENT for dumped tables
--

--
-- AUTO_INCREMENT for table `maintenance_check`
--
ALTER TABLE `maintenance_check`
  MODIFY `check_no` int(11) NOT NULL AUTO_INCREMENT;

--
-- AUTO_INCREMENT for table `notifications`
--
ALTER TABLE `notifications`
  MODIFY `notif_id` int(11) NOT NULL AUTO_INCREMENT;

--
-- AUTO_INCREMENT for table `predictions_maintenance`
--
ALTER TABLE `predictions_maintenance`
  MODIFY `prediction_id` int(11) NOT NULL AUTO_INCREMENT;

--
-- AUTO_INCREMENT for table `predictions_pms`
--
ALTER TABLE `predictions_pms`
  MODIFY `prediction_id` int(11) NOT NULL AUTO_INCREMENT, AUTO_INCREMENT=100;

--
-- AUTO_INCREMENT for table `predictions_repair`
--
ALTER TABLE `predictions_repair`
  MODIFY `prediction_id` int(11) NOT NULL AUTO_INCREMENT, AUTO_INCREMENT=208;

--
-- AUTO_INCREMENT for table `repair_transactions`
--
ALTER TABLE `repair_transactions`
  MODIFY `transaction_id` int(11) NOT NULL AUTO_INCREMENT, AUTO_INCREMENT=1136;

--
-- AUTO_INCREMENT for table `users`
--
ALTER TABLE `users`
  MODIFY `user_id` int(11) NOT NULL AUTO_INCREMENT, AUTO_INCREMENT=4;

--
-- Constraints for dumped tables
--

--
-- Constraints for table `check_parts`
--
ALTER TABLE `check_parts`
  ADD CONSTRAINT `check_parts_ibfk_1` FOREIGN KEY (`check_no`) REFERENCES `maintenance_check` (`check_no`),
  ADD CONSTRAINT `check_parts_ibfk_2` FOREIGN KEY (`condition_id`) REFERENCES `conditions` (`condition_id`),
  ADD CONSTRAINT `check_parts_ibfk_3` FOREIGN KEY (`parts_id`) REFERENCES `parts` (`parts_id`);

--
-- Constraints for table `hubs`
--
ALTER TABLE `hubs`
  ADD CONSTRAINT `hubs_ibfk_1` FOREIGN KEY (`manager_id`) REFERENCES `managers` (`manager_id`);

--
-- Constraints for table `maintenance_check`
--
ALTER TABLE `maintenance_check`
  ADD CONSTRAINT `maintenance_check_ibfk_1` FOREIGN KEY (`plate_no`) REFERENCES `motorcycles` (`plate_no`),
  ADD CONSTRAINT `maintenance_check_ibfk_2` FOREIGN KEY (`fuel_type_id`) REFERENCES `fuel_type` (`fuel_type_id`),
  ADD CONSTRAINT `maintenance_check_ibfk_3` FOREIGN KEY (`transmission_type_id`) REFERENCES `transmission_type` (`transmission_type_id`);

--
-- Constraints for table `motorcycles`
--
ALTER TABLE `motorcycles`
  ADD CONSTRAINT `motorcycles_ibfk_1` FOREIGN KEY (`model_id`) REFERENCES `models` (`model_id`),
  ADD CONSTRAINT `motorcycles_ibfk_2` FOREIGN KEY (`hub_id`) REFERENCES `hubs` (`hub_id`);

--
-- Constraints for table `notifications`
--
ALTER TABLE `notifications`
  ADD CONSTRAINT `notifications_ibfk_1` FOREIGN KEY (`plate_no`) REFERENCES `motorcycles` (`plate_no`);

--
-- Constraints for table `predictions_maintenance`
--
ALTER TABLE `predictions_maintenance`
  ADD CONSTRAINT `fk_predictions_maintenance_check` FOREIGN KEY (`check_no`) REFERENCES `maintenance_check` (`check_no`) ON DELETE CASCADE ON UPDATE CASCADE,
  ADD CONSTRAINT `fk_predictions_maintenance_plate` FOREIGN KEY (`plate_no`) REFERENCES `motorcycles` (`plate_no`) ON DELETE CASCADE ON UPDATE CASCADE;

--
-- Constraints for table `predictions_pms`
--
ALTER TABLE `predictions_pms`
  ADD CONSTRAINT `fk_predictions_pms_plate` FOREIGN KEY (`plate_no`) REFERENCES `motorcycles` (`plate_no`) ON DELETE CASCADE ON UPDATE CASCADE;

--
-- Constraints for table `predictions_repair`
--
ALTER TABLE `predictions_repair`
  ADD CONSTRAINT `fk_predictions_repair_plate` FOREIGN KEY (`plate_no`) REFERENCES `motorcycles` (`plate_no`) ON DELETE CASCADE ON UPDATE CASCADE;

--
-- Constraints for table `repair`
--
ALTER TABLE `repair`
  ADD CONSTRAINT `repair_ibfk_1` FOREIGN KEY (`repair_type_id`) REFERENCES `repair_type` (`repair_type_id`);

--
-- Constraints for table `repair_transactions`
--
ALTER TABLE `repair_transactions`
  ADD CONSTRAINT `repair_transactions_ibfk_1` FOREIGN KEY (`plate_no`) REFERENCES `motorcycles` (`plate_no`),
  ADD CONSTRAINT `repair_transactions_ibfk_2` FOREIGN KEY (`mechanic_id`) REFERENCES `mechanics` (`mechanic_id`),
  ADD CONSTRAINT `repair_transactions_ibfk_3` FOREIGN KEY (`status_id`) REFERENCES `status` (`status_id`),
  ADD CONSTRAINT `repair_transactions_ibfk_4` FOREIGN KEY (`type_id`) REFERENCES `service_types` (`type_id`);

--
-- Constraints for table `transaction_parts`
--
ALTER TABLE `transaction_parts`
  ADD CONSTRAINT `fk_transaction_parts_transaction` FOREIGN KEY (`transaction_id`) REFERENCES `repair_transactions` (`transaction_id`),
  ADD CONSTRAINT `transaction_parts_ibfk_2` FOREIGN KEY (`repair_id`) REFERENCES `repair` (`repair_id`);
COMMIT;

/*!40101 SET CHARACTER_SET_CLIENT=@OLD_CHARACTER_SET_CLIENT */;
/*!40101 SET CHARACTER_SET_RESULTS=@OLD_CHARACTER_SET_RESULTS */;
/*!40101 SET COLLATION_CONNECTION=@OLD_COLLATION_CONNECTION */;
